Date,Price
2018-01-01 05:30:00,13715.65
2018-01-02 01:30:00,13222.03
2018-01-02 21:30:00,13690.02
2018-01-03 17:30:00,14764.73
2018-01-04 14:30:00,14221.05
2018-01-05 10:30:00,14820.05
2018-01-06 06:30:00,16998.0
2018-01-07 02:30:00,16806.99
2018-01-07 22:30:00,16000.0
2018-01-08 18:30:00,15348.52
2018-01-09 14:30:00,15190.56
2018-01-10 10:30:00,14240.88
2018-01-11 06:30:00,14573.99
2018-01-12 02:30:00,13405.0
2018-01-12 22:30:00,13370.0
2018-01-13 18:30:00,14279.01
2018-01-14 14:30:00,13623.0
2018-01-15 10:30:00,13550.0
2018-01-16 06:30:00,13143.97
2018-01-17 02:30:00,10680.27
2018-01-17 22:30:00,10287.97
2018-01-18 18:30:00,11414.99
2018-01-19 14:30:00,11379.3
2018-01-20 10:30:00,12344.9
2018-01-21 06:30:00,12205.0
2018-01-22 02:30:00,11015.2
2018-01-22 22:30:00,10466.68
2018-01-23 18:30:00,10199.7
2018-01-24 14:30:00,10875.37
2018-01-25 10:30:00,11540.98
2018-01-26 06:30:00,11370.89
2018-01-27 02:30:00,11026.57
2018-01-27 22:30:00,11610.02
2018-01-28 18:30:00,11782.99
2018-01-29 14:30:00,11425.96
2018-01-30 10:30:00,11032.03
2018-01-31 06:30:00,9829.99
2018-02-01 02:30:00,10185.58
2018-02-01 22:30:00,9058.78
2018-02-02 18:30:00,8482.1
2018-02-03 14:30:00,8934.06
2018-02-04 10:30:00,9104.47
2018-02-05 06:30:00,8220.88
2018-02-06 02:30:00,7199.24
2018-02-06 22:30:00,7111.79
2018-02-07 18:30:00,8266.0
2018-02-09 23:30:00,8627.0
2018-02-10 19:30:00,8727.97
2018-02-11 15:30:00,8126.0
2018-02-12 11:30:00,8385.01
2018-02-13 07:30:00,8727.14
2018-02-14 03:30:00,8579.59
2018-02-14 23:30:00,9293.05
2018-02-15 19:30:00,9638.76
2018-02-16 15:30:00,9844.99
2018-02-17 11:30:00,10499.99
2018-02-18 07:30:00,11190.0
2018-02-19 03:30:00,10741.95
2018-02-19 23:30:00,10940.0
2018-02-20 19:30:00,11537.79
2018-02-21 15:30:00,11169.24
2018-02-22 11:30:00,10759.0
2018-02-23 07:30:00,9703.12
2018-02-24 03:30:00,9875.0
2018-02-24 23:30:00,9633.0
2018-02-25 19:30:00,9465.93
2018-02-26 15:30:00,9475.77
2018-02-27 11:30:00,10320.8
2018-02-28 07:30:00,10700.9
2018-03-01 03:30:00,10520.55
2018-03-01 23:30:00,10850.0
2018-03-02 19:30:00,10969.99
2018-03-03 15:30:00,11328.33
2018-03-04 11:30:00,11230.0
2018-03-05 07:30:00,11479.0
2018-03-06 03:30:00,11580.0
2018-03-06 23:30:00,10765.7
2018-03-07 19:30:00,10520.0
2018-03-08 15:30:00,10050.0
2018-03-09 11:30:00,8467.01
2018-03-10 07:30:00,9287.09
2018-03-11 03:30:00,8789.0
2018-03-11 23:30:00,9623.95
2018-03-12 19:30:00,9761.0
2018-03-13 15:30:00,9270.02
2018-03-14 11:30:00,9173.0
2018-03-15 07:30:00,8106.58
2018-03-16 03:30:00,8279.35
2018-03-16 23:30:00,8441.0
2018-03-17 19:30:00,7997.09
2018-03-18 15:30:00,7692.0
2018-03-19 11:30:00,8317.11
2018-03-20 07:30:00,8459.92
2018-03-21 03:30:00,8989.0
2018-03-21 23:30:00,8832.26
2018-03-22 19:30:00,8588.15
2018-03-23 15:30:00,8488.25
2018-03-24 11:30:00,8841.5
2018-03-25 07:30:00,8519.99
2018-03-26 03:30:00,8625.0
2018-03-26 23:30:00,7900.21
2018-03-27 19:30:00,8094.9
2018-03-28 15:30:00,8079.0
2018-03-29 11:30:00,7567.99
2018-03-30 07:30:00,6950.0
2018-03-31 03:30:00,6928.17
2018-03-31 23:30:00,7114.22
2018-04-01 19:30:00,6543.97
2018-04-02 15:30:00,7062.96
2018-04-03 11:30:00,7321.01
2018-04-04 07:30:00,7322.0
2018-04-05 03:30:00,6818.78
2018-04-05 23:30:00,6694.99
2018-04-06 19:30:00,6607.0
2018-04-07 15:30:00,6848.56
2018-04-08 11:30:00,6952.0
2018-04-09 07:30:00,7120.0
2018-04-10 03:30:00,6723.67
2018-04-10 23:30:00,6867.49
2018-04-11 19:30:00,6944.89
2018-04-12 15:30:00,6850.99
2018-04-13 11:30:00,7788.96
2018-04-14 07:30:00,8069.43
2018-04-15 03:30:00,8058.48
2018-04-15 23:30:00,8296.01
2018-04-16 19:30:00,7964.34
2018-04-17 15:30:00,8144.41
2018-04-18 11:30:00,7925.83
2018-04-19 07:30:00,8188.88
2018-04-20 03:30:00,8272.28
2018-04-20 23:30:00,8505.0
2018-04-21 19:30:00,8748.0
2018-04-22 15:30:00,8910.0
2018-04-23 11:30:00,8878.04
2018-04-24 07:30:00,9186.01
2018-04-25 03:30:00,9469.0
2018-04-25 23:30:00,9055.1
2018-04-26 19:30:00,8828.27
2018-04-27 15:30:00,9369.0
2018-04-28 11:30:00,9164.48
2018-04-29 07:30:00,9499.02
2018-04-30 03:30:00,9336.64
2018-04-30 23:30:00,9340.0
2018-05-01 19:30:00,8926.07
2018-05-02 15:30:00,9135.97
2018-05-03 11:30:00,9206.76
2018-05-04 07:30:00,9623.98
2018-05-05 03:30:00,9740.0
2018-05-05 23:30:00,9902.9
2018-05-06 19:30:00,9561.0
2018-05-07 15:30:00,9291.85
2018-05-08 11:30:00,9334.02
2018-05-09 07:30:00,9166.0
2018-05-10 03:30:00,9273.69
2018-05-10 23:30:00,9159.55
2018-05-11 19:30:00,8525.01
2018-05-12 15:30:00,8501.83
2018-05-13 11:30:00,8367.0
2018-05-14 07:30:00,8679.49
2018-05-15 03:30:00,8721.25
2018-05-15 23:30:00,8543.07
2018-05-16 19:30:00,8155.05
2018-05-17 15:30:00,8281.19
2018-05-18 11:30:00,8027.01
2018-05-19 07:30:00,8180.01
2018-05-20 03:30:00,8189.0
2018-05-20 23:30:00,8532.0
2018-05-21 19:30:00,8482.99
2018-05-22 15:30:00,8238.01
2018-05-23 11:30:00,7910.44
2018-05-24 07:30:00,7589.0
2018-05-25 03:30:00,7514.0
2018-05-25 23:30:00,7427.82
2018-05-26 19:30:00,7526.56
2018-05-27 15:30:00,7320.21
2018-05-28 11:30:00,7189.58
2018-05-29 07:30:00,7107.91
2018-05-30 03:30:00,7500.5
2018-05-30 23:30:00,7325.04
2018-05-31 19:30:00,7536.37
2018-06-01 15:30:00,7531.92
2018-06-02 11:30:00,7531.02
2018-06-03 07:30:00,7653.12
2018-06-04 03:30:00,7692.01
2018-06-04 23:30:00,7475.36
2018-06-05 19:30:00,7385.0
2018-06-06 15:30:00,7594.93
2018-06-07 11:30:00,7714.8
2018-06-08 07:30:00,7679.36
2018-06-09 03:30:00,7656.0
2018-06-09 23:30:00,7597.3
2018-06-10 19:30:00,7263.36
2018-06-11 15:30:00,6766.55
2018-06-12 11:30:00,6841.5
2018-06-13 07:30:00,6545.99
2018-06-14 03:30:00,6267.34
2018-06-14 23:30:00,6614.25
2018-06-15 19:30:00,6496.9
2018-06-16 15:30:00,6462.99
2018-06-17 11:30:00,6513.0
2018-06-18 07:30:00,6415.06
2018-06-19 03:30:00,6723.47
2018-06-19 23:30:00,6717.0
2018-06-20 19:30:00,6725.6
2018-06-21 15:30:00,6736.5
2018-06-22 11:30:00,6650.01
2018-06-23 07:30:00,6139.0
2018-06-24 03:30:00,6206.28
2018-06-24 23:30:00,6179.98
2018-06-25 19:30:00,6128.39
2018-06-27 01:30:00,6164.95
2018-06-27 22:30:00,6129.96
2018-06-28 18:30:00,6104.13
2018-06-29 14:30:00,5895.94
2018-06-30 10:30:00,6381.12
2018-07-01 06:30:00,6372.39
2018-07-02 02:30:00,6354.68
2018-07-02 22:30:00,6613.8
2018-07-03 18:30:00,6585.0
2018-07-04 21:30:00,6683.77
2018-07-05 17:30:00,6613.52
2018-07-06 13:30:00,6478.99
2018-07-07 09:30:00,6599.45
2018-07-08 05:30:00,6753.48
2018-07-09 01:30:00,6765.17
2018-07-09 21:30:00,6726.0
2018-07-10 17:30:00,6365.06
2018-07-11 13:30:00,6345.01
2018-07-12 09:30:00,6343.8
2018-07-13 05:30:00,6251.4
2018-07-14 01:30:00,6177.9
2018-07-14 21:30:00,6242.26
2018-07-15 17:30:00,6355.97
2018-07-16 13:30:00,6370.8
2018-07-17 09:30:00,6739.71
2018-07-18 05:30:00,7317.44
2018-07-19 01:30:00,7396.83
2018-07-19 21:30:00,7392.35
2018-07-20 17:30:00,7504.0
2018-07-21 13:30:00,7324.0
2018-07-22 09:30:00,7422.93
2018-07-23 05:30:00,7394.78
2018-07-24 01:30:00,7757.0
2018-07-24 21:30:00,8182.4
2018-07-25 17:30:00,8184.6
2018-07-26 13:30:00,8245.85
2018-07-27 09:30:00,7886.9
2018-07-28 05:30:00,8188.57
2018-07-29 01:30:00,8187.63
2018-07-29 21:30:00,8229.82
2018-07-30 17:30:00,8155.04
2018-07-31 13:30:00,8126.78
2018-08-01 09:30:00,7540.0
2018-08-02 05:30:00,7600.08
2018-08-03 01:30:00,7535.43
2018-08-03 21:30:00,7478.87
2018-08-04 17:30:00,7397.22
2018-08-05 13:30:00,6942.0
2018-08-06 09:30:00,7088.32
2018-08-07 05:30:00,6935.0
2018-08-08 01:30:00,7007.96
2018-08-08 21:30:00,6473.78
2018-08-09 17:30:00,6315.81
2018-08-10 13:30:00,6459.57
2018-08-11 09:30:00,6114.72
2018-08-12 05:30:00,6222.55
2018-08-13 01:30:00,6321.99
2018-08-13 21:30:00,6288.0
2018-08-14 17:30:00,6000.98
2018-08-15 13:30:00,6391.92
2018-08-16 09:30:00,6270.49
2018-08-17 05:30:00,6316.0
2018-08-18 01:30:00,6493.5
2018-08-18 21:30:00,6356.93
2018-08-19 17:30:00,6429.41
2018-08-20 13:30:00,6458.0
2018-08-21 09:30:00,6311.96
2018-08-22 05:30:00,6479.98
2018-08-23 01:30:00,6438.21
2018-08-23 21:30:00,6435.01
2018-08-24 17:30:00,6537.04
2018-08-25 13:30:00,6672.01
2018-08-26 09:30:00,6616.99
2018-08-27 05:30:00,6700.0
2018-08-28 01:30:00,6743.56
2018-08-28 21:30:00,7049.8
2018-08-29 17:30:00,7090.0
2018-08-30 13:30:00,6972.16
2018-08-31 09:30:00,6973.0
2018-09-01 05:30:00,7011.21
2018-09-02 01:30:00,7250.82
2018-09-02 21:30:00,7214.24
2018-09-03 17:30:00,7226.6
2018-09-04 13:30:00,7323.18
2018-09-05 09:30:00,7379.17
2018-09-06 05:30:00,6697.27
2018-09-07 01:30:00,6470.68
2018-09-07 21:30:00,6373.69
2018-09-08 17:30:00,6429.01
2018-09-09 13:30:00,6186.86
2018-09-10 09:30:00,6314.01
2018-09-11 05:30:00,6311.99
2018-09-12 01:30:00,6269.23
2018-09-12 21:30:00,6269.39
2018-09-13 17:30:00,6467.5
2018-09-14 13:30:00,6543.86
2018-09-15 09:30:00,6496.26
2018-09-16 05:30:00,6514.96
2018-09-17 01:30:00,6505.73
2018-09-17 21:30:00,6262.1
2018-09-18 17:30:00,6287.65
2018-09-19 13:30:00,6356.94
2018-09-20 09:30:00,6397.29
2018-09-21 05:30:00,6492.0
2018-09-22 01:30:00,6749.14
2018-09-22 21:30:00,6687.47
2018-09-23 17:30:00,6747.27
2018-09-24 13:30:00,6677.9
2018-09-25 09:30:00,6467.05
2018-09-26 05:30:00,6445.11
2018-09-27 01:30:00,6490.43
2018-09-27 21:30:00,6498.97
2018-09-28 17:30:00,6657.73
2018-09-29 13:30:00,6549.04
2018-09-30 09:30:00,6576.34
2018-10-01 05:30:00,6626.57
2018-10-02 01:30:00,6587.91
2018-10-02 21:30:00,6560.8
2018-10-03 17:30:00,6496.12
2018-10-04 13:30:00,6574.45
2018-10-05 09:30:00,6578.96
2018-10-06 05:30:00,6635.65
2018-10-07 01:30:00,6593.34
2018-10-07 21:30:00,6582.07
2018-10-08 17:30:00,6647.78
2018-10-09 13:30:00,6669.42
2018-10-10 09:30:00,6612.2
2018-10-11 05:30:00,6630.21
2018-10-12 01:30:00,6302.61
2018-10-12 21:30:00,6341.68
2018-10-13 17:30:00,6326.61
2018-10-14 13:30:00,6379.95
2018-10-15 09:30:00,6380.97
2018-10-16 05:30:00,6752.5
2018-10-17 01:30:00,6729.24
2018-10-17 21:30:00,6746.89
2018-10-18 17:30:00,6715.86
2018-10-19 16:30:00,6602.22
2018-10-20 12:30:00,6590.99
2018-10-21 08:30:00,6622.87
2018-10-22 04:30:00,6590.65
2018-10-23 00:30:00,6563.3
2018-10-23 20:30:00,6561.0
2018-10-24 16:30:00,6605.98
2018-10-25 12:30:00,6553.54
2018-10-26 08:30:00,6533.0
2018-10-27 04:30:00,6540.0
2018-10-28 00:30:00,6488.45
2018-10-28 20:30:00,6506.6
2018-10-29 16:30:00,6490.23
2018-10-30 12:30:00,6384.03
2018-10-31 08:30:00,6338.41
2018-11-01 04:30:00,6377.99
2018-11-02 00:30:00,6373.94
2018-11-02 20:30:00,6440.42
2018-11-03 16:30:00,6377.94
2018-11-04 12:30:00,6387.11
2018-11-05 08:30:00,6471.25
2018-11-06 04:30:00,6462.98
2018-11-07 00:30:00,6491.36
2018-11-07 20:30:00,6552.13
2018-11-08 16:30:00,6539.41
2018-11-09 12:30:00,6498.63
2018-11-10 08:30:00,6430.85
2018-11-11 04:30:00,6449.24
2018-11-12 00:30:00,6410.24
2018-11-12 20:30:00,6457.24
2018-11-13 16:30:00,6446.98
2018-11-14 19:30:00,6363.4
2018-11-15 15:30:00,5761.79
2018-11-16 11:30:00,5683.37
2018-11-17 07:30:00,5613.11
2018-11-18 03:30:00,5609.32
2018-11-18 23:30:00,5650.28
2018-11-19 19:30:00,5227.93
2018-11-20 15:30:00,4593.08
2018-11-21 11:30:00,4503.03
2018-11-22 07:30:00,4717.86
2018-11-23 03:30:00,4542.12
2018-11-23 23:30:00,4346.96
2018-11-24 19:30:00,4376.99
2018-11-25 15:30:00,3751.05
2018-11-26 11:30:00,4091.2
2018-11-27 07:30:00,3805.37
2018-11-28 03:30:00,3877.11
2018-11-28 23:30:00,4259.52
2018-11-29 19:30:00,4279.74
2018-11-30 15:30:00,4225.14
2018-12-01 11:30:00,3994.07
2018-12-02 07:30:00,4278.49
2018-12-03 03:30:00,4208.58
2018-12-03 23:30:00,3898.9
2018-12-04 19:30:00,3992.24
2018-12-05 15:30:00,3891.27
2018-12-06 11:30:00,3870.0
2018-12-07 07:30:00,3408.29
2018-12-08 03:30:00,3405.51
2018-12-08 23:30:00,3381.24
2018-12-09 19:30:00,3488.55
2018-12-10 15:30:00,3509.81
2018-12-11 11:30:00,3444.54
2018-12-12 07:30:00,3368.23
2018-12-13 03:30:00,3455.59
2018-12-13 23:30:00,3387.87
2018-12-14 19:30:00,3282.75
2018-12-15 15:30:00,3192.8
2018-12-16 11:30:00,3270.33
2018-12-17 07:30:00,3232.74
2018-12-18 03:30:00,3493.7
2018-12-18 23:30:00,3523.25
2018-12-19 19:30:00,3849.75
2018-12-20 15:30:00,4022.35
2018-12-21 11:30:00,3920.02
2018-12-22 07:30:00,3823.23
2018-12-23 03:30:00,3870.97
2018-12-23 23:30:00,3935.09
2018-12-24 19:30:00,4118.97
2018-12-25 15:30:00,3779.45
2018-12-26 11:30:00,3794.15
2018-12-27 07:30:00,3727.34
2018-12-28 03:30:00,3560.29
2018-12-28 23:30:00,3812.12
2018-12-29 19:30:00,3828.49
2018-12-30 15:30:00,3798.92
2018-12-31 11:30:00,3747.82
2019-01-01 07:30:00,3689.67
2019-01-02 03:30:00,3707.98
2019-01-02 23:30:00,3822.62
2019-01-03 19:30:00,3816.64
2019-01-04 15:30:00,3764.03
2019-01-05 11:30:00,3834.01
2019-01-06 07:30:00,3765.65
2019-01-07 03:30:00,3967.49
2019-01-07 23:30:00,3979.34
2019-01-08 19:30:00,4027.3
2019-01-09 15:30:00,3977.7
2019-01-10 11:30:00,3988.57
2019-01-11 07:30:00,3591.17
2019-01-12 03:30:00,3602.52
2019-01-12 23:30:00,3592.02
2019-01-13 19:30:00,3588.6
2019-01-14 15:30:00,3505.3
2019-01-15 11:30:00,3619.14
2019-01-16 07:30:00,3567.83
2019-01-17 03:30:00,3584.29
2019-01-17 23:30:00,3594.02
2019-01-18 19:30:00,3587.51
2019-01-19 15:30:00,3614.48
2019-01-20 11:30:00,3673.87
2019-01-21 07:30:00,3537.19
2019-01-22 03:30:00,3512.48
2019-01-22 23:30:00,3580.08
2019-01-23 19:30:00,3586.71
2019-01-24 15:30:00,3547.99
2019-01-25 11:30:00,3564.8
2019-01-26 07:30:00,3567.3
2019-01-27 03:30:00,3565.59
2019-01-27 23:30:00,3564.28
2019-01-28 19:30:00,3427.67
2019-01-29 15:30:00,3394.95
2019-01-30 11:30:00,3434.13
2019-01-31 07:30:00,3471.36
2019-02-01 03:30:00,3441.15
2019-02-01 23:30:00,3459.99
2019-02-02 19:30:00,3465.06
2019-02-03 15:30:00,3456.95
2019-02-04 11:30:00,3457.87
2019-02-05 07:30:00,3455.24
2019-02-06 03:30:00,3460.69
2019-02-06 23:30:00,3402.09
2019-02-07 19:30:00,3407.03
2019-02-08 15:30:00,3426.56
2019-02-09 11:30:00,3647.31
2019-02-10 07:30:00,3655.26
2019-02-11 03:30:00,3645.4
2019-02-11 23:30:00,3637.02
2019-02-12 19:30:00,3622.34
2019-02-13 15:30:00,3621.1
2019-02-14 11:30:00,3610.49
2019-02-15 07:30:00,3606.27
2019-02-16 03:30:00,3599.19
2019-02-16 23:30:00,3626.87
2019-02-17 19:30:00,3613.8
2019-02-18 15:30:00,3742.0
2019-02-19 11:30:00,3892.21
2019-02-20 07:30:00,3911.62
2019-02-21 03:30:00,3942.04
2019-02-21 23:30:00,3928.16
2019-02-22 19:30:00,3976.0
2019-02-23 15:30:00,3954.36
2019-02-24 11:30:00,4168.72
2019-02-25 07:30:00,3781.48
2019-02-26 03:30:00,3814.53
2019-02-26 23:30:00,3811.33
2019-02-27 19:30:00,3822.52
2019-02-28 15:30:00,3837.23
2019-03-01 11:30:00,3824.7
2019-03-02 07:30:00,3835.01
2019-03-03 03:30:00,3822.45
2019-03-03 23:30:00,3809.04
2019-03-04 19:30:00,3709.02
2019-03-05 15:30:00,3738.04
2019-03-06 11:30:00,3835.32
2019-03-07 07:30:00,3879.58
2019-03-08 03:30:00,3883.81
2019-03-08 23:30:00,3913.7
2019-03-09 19:30:00,3921.02
2019-03-10 15:30:00,3898.4
2019-03-11 11:30:00,3882.38
2019-03-12 13:30:00,3834.69
2019-03-13 09:30:00,3887.89
2019-03-14 05:30:00,3866.0
2019-03-15 01:30:00,3873.48
2019-03-15 21:30:00,3929.36
2019-03-16 17:30:00,4016.1
2019-03-17 13:30:00,3975.67
2019-03-18 09:30:00,4008.56
2019-03-19 05:30:00,3987.83
2019-03-20 01:30:00,4008.06
2019-03-20 21:30:00,4015.58
2019-03-21 17:30:00,4044.62
2019-03-22 13:30:00,3979.16
2019-03-23 09:30:00,4005.98
2019-03-24 05:30:00,4006.01
2019-03-25 01:30:00,3983.44
2019-03-25 21:30:00,3962.92
2019-03-26 17:30:00,3919.35
2019-03-27 13:30:00,4000.0
2019-03-28 09:30:00,4015.93
2019-03-29 05:30:00,4028.22
2019-03-30 01:30:00,4085.0
2019-03-30 21:30:00,4076.33
2019-03-31 17:30:00,4111.59
2019-04-01 13:30:00,4128.85
2019-04-02 09:30:00,4178.98
2019-04-03 05:30:00,4857.19
2019-04-04 01:30:00,5105.5
2019-04-04 21:30:00,4979.39
2019-04-05 17:30:00,4985.46
2019-04-06 13:30:00,4984.45
2019-04-07 09:30:00,5120.57
2019-04-08 05:30:00,5170.27
2019-04-09 01:30:00,5154.99
2019-04-09 21:30:00,5155.52
2019-04-10 17:30:00,5197.01
2019-04-11 13:30:00,5158.31
2019-04-12 09:30:00,4984.88
2019-04-13 05:30:00,5047.0
2019-04-14 01:30:00,5048.49
2019-04-14 21:30:00,5062.34
2019-04-15 17:30:00,5103.35
2019-04-16 13:30:00,5066.0
2019-04-17 09:30:00,5200.57
2019-04-18 05:30:00,5202.41
2019-04-19 01:30:00,5262.73
2019-04-19 21:30:00,5261.0
2019-04-20 17:30:00,5282.99
2019-04-21 13:30:00,5281.01
2019-04-22 09:30:00,5218.32
2019-04-23 05:30:00,5357.14
2019-04-24 01:30:00,5568.5
2019-04-24 21:30:00,5425.0
2019-04-25 17:30:00,5441.81
2019-04-26 13:30:00,5292.16
2019-04-27 09:30:00,5287.5
2019-04-28 05:30:00,5295.69
2019-04-29 01:30:00,5291.17
2019-04-29 21:30:00,5231.97
2019-04-30 17:30:00,5282.32
2019-05-01 13:30:00,5352.6
2019-05-02 09:30:00,5387.51
2019-05-03 05:30:00,5494.81
2019-05-04 01:30:00,5758.53
2019-05-04 21:30:00,5641.73
2019-05-05 17:30:00,5768.35
2019-05-06 13:30:00,5634.82
2019-05-07 09:30:00,5955.91
2019-05-08 05:30:00,5846.34
2019-05-09 01:30:00,5951.57
2019-05-09 21:30:00,6058.91
2019-05-10 17:30:00,6307.22
2019-05-11 13:30:00,6801.09
2019-05-12 09:30:00,7160.22
2019-05-13 05:30:00,6968.24
2019-05-14 01:30:00,7845.84
2019-05-14 21:30:00,7950.0
2019-05-16 03:30:00,8127.33
2019-05-16 23:30:00,7911.51
2019-05-17 19:30:00,7204.27
2019-05-18 15:30:00,7279.76
2019-05-19 11:30:00,7896.76
2019-05-20 07:30:00,7965.08
2019-05-21 03:30:00,7984.31
2019-05-21 23:30:00,7960.05
2019-05-22 19:30:00,7847.41
2019-05-23 15:30:00,7590.38
2019-05-24 11:30:00,7818.37
2019-05-25 07:30:00,8010.81
2019-05-26 03:30:00,8010.46
2019-05-26 23:30:00,7962.36
2019-05-27 19:30:00,8764.35
2019-05-28 15:30:00,8712.89
2019-05-29 11:30:00,8454.21
2019-05-30 07:30:00,8621.79
2019-05-31 03:30:00,8210.06
2019-05-31 23:30:00,8398.66
2019-06-01 19:30:00,8504.39
2019-06-02 15:30:00,8697.5
2019-06-03 11:30:00,8570.0
2019-06-04 07:30:00,8026.51
2019-06-05 03:30:00,7490.2
2019-06-05 23:30:00,7794.9
2019-06-06 19:30:00,7715.68
2019-06-07 15:30:00,7933.48
2019-06-08 11:30:00,7933.1
2019-06-09 07:30:00,7856.38
2019-06-10 03:30:00,7615.35
2019-06-10 23:30:00,7910.2
2019-06-11 19:30:00,7782.23
2019-06-12 15:30:00,7923.43
2019-06-13 11:30:00,8099.13
2019-06-14 07:30:00,8162.34
2019-06-15 03:30:00,8584.43
2019-06-15 23:30:00,8780.17
2019-06-16 19:30:00,9197.3
2019-06-17 15:30:00,9140.22
2019-06-18 11:30:00,9117.55
2019-06-19 07:30:00,9137.04
2019-06-20 03:30:00,9211.08
2019-06-20 23:30:00,9344.59
2019-06-21 19:30:00,9755.99
2019-06-22 15:30:00,10931.71
2019-06-23 11:30:00,10813.41
2019-06-24 07:30:00,10707.56
2019-06-25 03:30:00,10980.87
2019-06-25 23:30:00,11379.64
2019-06-26 19:30:00,12936.28
2019-06-27 15:30:00,11927.99
2019-06-28 11:30:00,11324.14
2019-06-29 07:30:00,11893.77
2019-06-30 03:30:00,11992.3
2019-06-30 23:30:00,11371.34
2019-07-01 19:30:00,10578.21
2019-07-02 15:30:00,10167.12
2019-07-03 11:30:00,11432.46
2019-07-04 07:30:00,11841.69
2019-07-05 03:30:00,11557.18
2019-07-05 23:30:00,11276.44
2019-07-06 19:30:00,11337.16
2019-07-07 15:30:00,11239.0
2019-07-08 11:30:00,11406.54
2019-07-09 07:30:00,12507.59
2019-07-10 03:30:00,12536.73
2019-07-10 23:30:00,12292.62
2019-07-11 19:30:00,11614.44
2019-07-12 15:30:00,11633.96
2019-07-13 11:30:00,11646.81
2019-07-14 07:30:00,11397.59
2019-07-15 03:30:00,10656.02
2019-07-15 23:30:00,10424.74
2019-07-16 19:30:00,10366.59
2019-07-17 15:30:00,9432.15
2019-07-18 11:30:00,9816.13
2019-07-19 07:30:00,10545.0
2019-07-20 03:30:00,10544.03
2019-07-20 23:30:00,10862.93
2019-07-21 19:30:00,10535.08
2019-07-22 15:30:00,10456.01
2019-07-23 11:30:00,10164.0
2019-07-24 07:30:00,9701.41
2019-07-25 03:30:00,9778.37
2019-07-25 23:30:00,9991.11
2019-07-26 19:30:00,9770.26
2019-07-27 15:30:00,10050.59
2019-07-28 11:30:00,9514.49
2019-07-29 07:30:00,9674.35
2019-07-30 03:30:00,9511.45
2019-07-30 23:30:00,9609.3
2019-07-31 19:30:00,9955.19
2019-08-01 15:30:00,9970.71
2019-08-02 11:30:00,10430.52
2019-08-03 07:30:00,10641.43
2019-08-04 03:30:00,10830.17
2019-08-04 23:30:00,10896.03
2019-08-05 19:30:00,11745.02
2019-08-06 15:30:00,12219.94
2019-08-07 11:30:00,11615.99
2019-08-08 07:30:00,11899.88
2019-08-09 03:30:00,11755.0
2019-08-09 23:30:00,11809.07
2019-08-10 19:30:00,11466.83
2019-08-11 15:30:00,11365.0
2019-08-12 11:30:00,11398.99
2019-08-13 07:30:00,11400.0
2019-08-14 03:30:00,10896.06
2019-08-14 23:30:00,10235.91
2019-08-16 03:30:00,10338.25
2019-08-16 23:30:00,10396.21
2019-08-17 19:30:00,10358.04
2019-08-18 15:30:00,10194.55
2019-08-19 11:30:00,10363.87
2019-08-20 07:30:00,10886.0
2019-08-21 03:30:00,10794.02
2019-08-21 23:30:00,10113.02
2019-08-22 19:30:00,10115.92
2019-08-23 15:30:00,10118.94
2019-08-24 11:30:00,10330.0
2019-08-25 07:30:00,10086.1
2019-08-26 03:30:00,9997.22
2019-08-26 23:30:00,10327.51
2019-08-27 19:30:00,10184.62
2019-08-28 15:30:00,10149.98
2019-08-29 11:30:00,9598.13
2019-08-30 07:30:00,9448.78
2019-08-31 03:30:00,9584.96
2019-08-31 23:30:00,9596.9
2019-09-01 19:30:00,9568.77
2019-09-02 15:30:00,9777.32
2019-09-03 11:30:00,10408.81
2019-09-04 07:30:00,10494.33
2019-09-05 03:30:00,10637.03
2019-09-05 23:30:00,10495.66
2019-09-06 19:30:00,10788.82
2019-09-07 15:30:00,10380.02
2019-09-08 11:30:00,10530.05
2019-09-09 07:30:00,10375.45
2019-09-10 03:30:00,10283.13
2019-09-10 23:30:00,10214.68
2019-09-11 19:30:00,10037.71
2019-09-12 15:30:00,10122.04
2019-09-13 11:30:00,10292.32
2019-09-14 07:30:00,10299.66
2019-09-15 03:30:00,10379.99
2019-09-15 23:30:00,10308.95
2019-09-16 19:30:00,10150.09
2019-09-17 15:30:00,10160.24
2019-09-18 11:30:00,10199.37
2019-09-19 07:30:00,10125.04
2019-09-20 03:30:00,10237.99
2019-09-20 23:30:00,10122.04
2019-09-21 19:30:00,10013.93
2019-09-22 15:30:00,10024.8
2019-09-23 11:30:00,9955.59
2019-09-24 07:30:00,9726.44
2019-09-25 03:30:00,8636.77
2019-09-25 23:30:00,8371.45
2019-09-26 19:30:00,8259.15
2019-09-27 15:30:00,8052.8
2019-09-28 11:30:00,8154.82
2019-09-29 07:30:00,8173.91
2019-09-30 03:30:00,8039.86
2019-09-30 23:30:00,8230.8
2019-10-01 19:30:00,8343.56
2019-10-02 15:30:00,8235.0
2019-10-03 11:30:00,8281.26
2019-10-04 07:30:00,8117.0
2019-10-05 03:30:00,8170.26
2019-10-05 23:30:00,8039.02
2019-10-06 19:30:00,7902.32
2019-10-07 15:30:00,7924.18
2019-10-08 11:30:00,8244.81
2019-10-09 07:30:00,8163.37
2019-10-10 03:30:00,8542.46
2019-10-10 23:30:00,8489.87
2019-10-11 19:30:00,8340.14
2019-10-12 15:30:00,8336.68
2019-10-13 11:30:00,8325.1
2019-10-14 07:30:00,8287.69
2019-10-15 03:30:00,8305.44
2019-10-15 23:30:00,8168.0
2019-10-16 19:30:00,7997.04
2019-10-17 15:30:00,8064.85
2019-10-18 11:30:00,7908.74
2019-10-19 07:30:00,7917.15
2019-10-20 03:30:00,7945.63
2019-10-20 23:30:00,8139.87
2019-10-21 19:30:00,8236.69
2019-10-22 15:30:00,8267.61
2019-10-23 11:30:00,7954.33
2019-10-24 07:30:00,7439.03
2019-10-25 03:30:00,7430.16
2019-10-25 23:30:00,8490.29
2019-10-26 19:30:00,9102.1
2019-10-27 15:30:00,9230.88
2019-10-28 11:30:00,9605.14
2019-10-29 07:30:00,9281.16
2019-10-30 03:30:00,9396.6
2019-10-30 23:30:00,9110.52
2019-10-31 19:30:00,9290.5
2019-11-01 15:30:00,9103.42
2019-11-02 11:30:00,9217.44
2019-11-03 07:30:00,9315.22
2019-11-04 03:30:00,9145.31
2019-11-04 23:30:00,9312.01
2019-11-05 19:30:00,9238.13
2019-11-06 15:30:00,9361.77
2019-11-07 11:30:00,9304.62
2019-11-08 07:30:00,9223.01
2019-11-09 03:30:00,8874.99
2019-11-09 23:30:00,8774.53
2019-11-10 19:30:00,8811.37
2019-11-11 15:30:00,8659.47
2019-11-12 11:30:00,8753.2
2019-11-13 09:30:00,8767.01
2019-11-14 05:30:00,8777.54
2019-11-15 01:30:00,8649.0
2019-11-15 21:30:00,8479.45
2019-11-16 17:30:00,8478.79
2019-11-17 13:30:00,8427.3
2019-11-18 09:30:00,8474.69
2019-11-19 05:30:00,8186.5
2019-11-20 01:30:00,8109.69
2019-11-20 21:30:00,8127.32
2019-11-21 17:30:00,7869.66
2019-11-22 13:30:00,7556.4
2019-11-23 09:30:00,7271.94
2019-11-24 05:30:00,7311.1
2019-11-25 01:30:00,7028.78
2019-11-25 23:30:00,7213.12
2019-11-26 19:30:00,7055.63
2019-11-27 15:30:00,6886.51
2019-11-28 11:30:00,7448.38
2019-11-29 07:30:00,7455.5
2019-11-30 03:30:00,7689.91
2019-11-30 23:30:00,7479.79
2019-12-01 19:30:00,7440.38
2019-12-02 15:30:00,7297.08
2019-12-03 11:30:00,7276.6
2019-12-04 07:30:00,7156.55
2019-12-05 03:30:00,7181.91
2019-12-05 23:30:00,7342.55
2019-12-06 19:30:00,7352.18
2019-12-07 15:30:00,7494.11
2019-12-08 11:30:00,7422.26
2019-12-09 07:30:00,7479.46
2019-12-10 03:30:00,7352.61
2019-12-10 23:30:00,7180.91
2019-12-11 19:30:00,7240.73
2019-12-12 15:30:00,7164.47
2019-12-13 11:30:00,7226.96
2019-12-14 07:30:00,7264.21
2019-12-15 03:30:00,7083.68
2019-12-15 23:30:00,7113.6
2019-12-16 19:30:00,7136.47
2019-12-17 15:30:00,6884.0
2019-12-18 11:30:00,6668.58
2019-12-19 07:30:00,7157.73
2019-12-20 03:30:00,7157.15
2019-12-20 23:30:00,7175.19
2019-12-21 19:30:00,7129.24
2019-12-22 15:30:00,7163.75
2019-12-23 11:30:00,7543.89
2019-12-24 07:30:00,7310.82
2019-12-25 03:30:00,7253.12
2019-12-25 23:30:00,7164.17
2019-12-26 19:30:00,7208.65
2019-12-27 15:30:00,7188.9
2019-12-28 11:30:00,7317.99
2019-12-29 07:30:00,7289.69
2019-12-30 03:30:00,7395.08
2019-12-30 23:30:00,7259.0
2019-12-31 19:30:00,7239.14
2020-01-01 15:30:00,7189.07
2020-01-02 11:30:00,7138.93
2020-01-03 07:30:00,6888.26
2020-01-04 03:30:00,7281.69
2020-01-04 23:30:00,7351.36
2020-01-05 19:30:00,7431.16
2020-01-06 15:30:00,7550.84
2020-01-07 11:30:00,7869.29
2020-01-08 07:30:00,8370.93
2020-01-09 03:30:00,8017.36
2020-01-09 23:30:00,7798.23
2020-01-10 19:30:00,7870.7
2020-01-11 15:30:00,8114.2
2020-01-12 11:30:00,8105.96
2020-01-13 07:30:00,8155.98
2020-01-14 03:30:00,8136.0
2020-01-14 23:30:00,8771.1
2020-01-15 19:30:00,8889.97
2020-01-16 15:30:00,8645.71
2020-01-17 11:30:00,8891.25
2020-01-18 07:30:00,8941.47
2020-01-19 03:30:00,8920.29
2020-01-19 23:30:00,8658.62
2020-01-20 19:30:00,8606.61
2020-01-21 15:30:00,8630.08
2020-01-22 11:30:00,8720.23
2020-01-23 07:30:00,8599.26
2020-01-24 03:30:00,8394.53
2020-01-24 23:30:00,8472.85
2020-01-25 19:30:00,8324.26
2020-01-26 15:30:00,8419.97
2020-01-27 11:30:00,8653.36
2020-01-28 07:30:00,9132.96
2020-01-29 03:30:00,9050.19
2020-01-29 23:30:00,9343.81
2020-01-30 19:30:00,9388.5
2020-01-31 15:30:00,9361.61
2020-02-01 11:30:00,9381.13
2020-02-02 07:30:00,9334.81
2020-02-03 03:30:00,9440.62
2020-02-03 23:30:00,9293.29
2020-02-04 19:30:00,9157.85
2020-02-05 15:30:00,9254.74
2020-02-06 11:30:00,9637.48
2020-02-07 07:30:00,9808.55
2020-02-08 03:30:00,9758.98
2020-02-08 23:30:00,9862.52
2020-02-09 20:30:00,10084.43
2020-02-10 16:30:00,9848.63
2020-02-11 12:30:00,9765.38
2020-02-12 08:30:00,10253.44
2020-02-13 04:30:00,10337.26
2020-02-14 00:30:00,10206.46
2020-02-14 20:30:00,10239.64
2020-02-15 16:30:00,10243.41
2020-02-16 12:30:00,9966.05
2020-02-17 08:30:00,9840.51
2020-02-18 04:30:00,9630.17
2020-02-19 00:30:00,9987.16
2020-02-20 01:30:00,10138.59
2020-02-20 21:30:00,9574.43
2020-02-21 17:30:00,9694.56
2020-02-22 13:30:00,9590.26
2020-02-23 09:30:00,9786.5
2020-02-24 05:30:00,9936.4
2020-02-25 01:30:00,9601.14
2020-02-25 21:30:00,9395.19
2020-02-26 17:30:00,9158.36
2020-02-27 13:30:00,8814.21
2020-02-28 09:30:00,8837.0
2020-02-29 05:30:00,8690.8
2020-03-01 01:30:00,8670.64
2020-03-01 21:30:00,8557.8
2020-03-02 17:30:00,8758.39
2020-03-03 13:30:00,8755.64
2020-03-04 09:30:00,8788.99
2020-03-05 06:30:00,8859.91
2020-03-06 02:30:00,9110.54
2020-03-06 22:30:00,9051.45
2020-03-07 18:30:00,9079.87
2020-03-08 14:30:00,8726.3
2020-03-09 10:30:00,7852.45
2020-03-10 06:30:00,7937.58
2020-03-11 02:30:00,7990.75
2020-03-11 22:30:00,7766.45
2020-03-12 18:30:00,6028.22
2020-03-13 14:30:00,5279.21
2020-03-14 10:30:00,5506.53
2020-03-15 06:30:00,5203.07
2020-03-16 02:30:00,5186.43
2020-03-16 22:30:00,5011.13
2020-03-17 18:30:00,5206.25
2020-03-18 14:30:00,5173.0
2020-03-19 10:30:00,5301.24
2020-03-20 06:30:00,6219.15
2020-03-21 02:30:00,5970.09
2020-03-21 22:30:00,6133.51
2020-03-22 18:30:00,6018.05
2020-03-23 14:30:00,5767.95
2020-03-24 10:30:00,6426.89
2020-03-25 06:30:00,6699.98
2020-03-26 02:30:00,6592.18
2020-03-26 22:30:00,6639.47
2020-03-27 18:30:00,6633.3
2020-03-28 14:30:00,6257.0
2020-03-29 10:30:00,6203.0
2020-03-30 06:30:00,5901.48
2020-03-31 02:30:00,6463.3
2020-03-31 22:30:00,6427.48
2020-04-01 18:30:00,6219.29
2020-04-02 14:30:00,6650.17
2020-04-03 10:30:00,6785.0
2020-04-04 06:30:00,6753.98
2020-04-05 02:30:00,6826.38
2020-04-05 22:30:00,6785.76
2020-04-06 18:30:00,7134.38
2020-04-07 14:30:00,7356.65
2020-04-08 10:30:00,7354.63
2020-04-09 06:30:00,7347.3
2020-04-10 02:30:00,7295.23
2020-04-10 22:30:00,6857.54
2020-04-11 18:30:00,6874.72
2020-04-12 14:30:00,6829.0
2020-04-13 10:30:00,6687.46
2020-04-14 06:30:00,6827.8
2020-04-15 02:30:00,6865.15
2020-04-15 22:30:00,6729.59
2020-04-16 18:30:00,7057.69
2020-04-17 14:30:00,7060.3
2020-04-18 10:30:00,7081.18
2020-04-19 06:30:00,7222.0
2020-04-20 02:30:00,7137.61
2020-04-20 22:30:00,7045.66
2020-04-21 18:30:00,6809.19
2020-04-22 14:30:00,6947.94
2020-04-23 10:30:00,7126.73
2020-04-24 06:30:00,7489.01
2020-04-25 02:30:00,7525.29
2020-04-26 00:30:00,7529.67
2020-04-26 20:30:00,7637.34
2020-04-27 16:30:00,7691.93
2020-04-28 12:30:00,7710.49
2020-04-29 08:30:00,7782.83
2020-04-30 04:30:00,8754.7
2020-05-01 00:30:00,8668.85
2020-05-01 20:30:00,8822.05
2020-05-02 16:30:00,8828.22
2020-05-03 12:30:00,9002.99
2020-05-04 08:30:00,8746.7
2020-05-05 04:30:00,8869.94
2020-05-06 00:30:00,8888.01
2020-05-06 20:30:00,9229.76
2020-05-07 16:30:00,9290.49
2020-05-08 12:30:00,9765.85
2020-05-09 08:30:00,9849.33
2020-05-10 04:30:00,9600.51
2020-05-11 00:30:00,8487.43
2020-05-11 20:30:00,8871.57
2020-05-12 16:30:00,8778.21
2020-05-13 12:30:00,8912.69
2020-05-14 08:30:00,9335.24
2020-05-15 04:30:00,9751.43
2020-05-16 00:30:00,9490.35
2020-05-16 20:30:00,9432.31
2020-05-17 16:30:00,9531.0
2020-05-18 12:30:00,9778.9
2020-05-19 08:30:00,9612.43
2020-05-20 04:30:00,9756.12
2020-05-21 00:30:00,9531.83
2020-05-21 20:30:00,9084.14
2020-05-22 16:30:00,9164.63
2020-05-23 12:30:00,9244.72
2020-05-24 08:30:00,9198.96
2020-05-25 04:30:00,9043.13
2020-05-26 00:30:00,8885.71
2020-05-26 20:30:00,8817.5
2020-05-27 16:30:00,9128.1
2020-05-28 12:30:00,9170.15
2020-05-29 08:30:00,9504.44
2020-05-30 04:30:00,9428.27
2020-05-31 00:30:00,9530.01
2020-05-31 20:30:00,9471.12
2020-06-01 16:30:00,9542.32
2020-06-02 12:30:00,10100.03
2020-06-03 08:30:00,9489.62
2020-06-04 04:30:00,9611.43
2020-06-05 00:30:00,9764.72
2020-06-05 20:30:00,9689.21
2020-06-06 16:30:00,9674.83
2020-06-07 12:30:00,9665.72
2020-06-08 08:30:00,9719.0
2020-06-09 04:30:00,9694.89
2020-06-10 00:30:00,9703.77
2020-06-10 20:30:00,9750.24
2020-06-11 16:30:00,9798.07
2020-06-12 12:30:00,9371.83
2020-06-13 08:30:00,9426.58
2020-06-14 04:30:00,9437.91
2020-06-15 00:30:00,9382.92
2020-06-15 20:30:00,9203.06
2020-06-16 16:30:00,9531.7
2020-06-17 12:30:00,9483.43
2020-06-18 08:30:00,9411.96
2020-06-19 04:30:00,9379.63
2020-06-20 00:30:00,9325.0
2020-06-20 20:30:00,9284.12
2020-06-21 16:30:00,9357.91
2020-06-22 12:30:00,9416.29
2020-06-23 08:30:00,9641.84
2020-06-24 04:30:00,9611.94
2020-06-25 00:30:00,9309.04
2020-06-25 20:30:00,9251.01
2020-06-26 16:30:00,9217.27
2020-06-27 12:30:00,9184.96
2020-06-28 11:30:00,8961.59
2020-06-29 07:30:00,9144.41
2020-06-30 03:30:00,9210.46
2020-06-30 23:30:00,9147.48
2020-07-01 19:30:00,9211.96
2020-07-02 15:30:00,9210.06
2020-07-03 11:30:00,9109.53
2020-07-04 07:30:00,9072.14
2020-07-05 03:30:00,9117.14
2020-07-05 23:30:00,9029.87
2020-07-06 19:30:00,9251.02
2020-07-07 15:30:00,9228.27
2020-07-08 11:30:00,9270.65
2020-07-09 07:30:00,9382.11
2020-07-10 03:30:00,9248.7
2020-07-10 23:30:00,9221.81
2020-07-11 19:30:00,9224.25
2020-07-12 15:30:00,9262.12
2020-07-13 11:30:00,9284.98
2020-07-14 07:30:00,9238.56
2020-07-15 03:30:00,9241.37
2020-07-15 23:30:00,9206.84
2020-07-16 19:30:00,9082.67
2020-07-17 15:30:00,9123.0
2020-07-18 11:30:00,9135.63
2020-07-19 07:30:00,9161.88
2020-07-20 03:30:00,9170.0
2020-07-20 23:30:00,9192.06
2020-07-21 19:30:00,9408.99
2020-07-22 15:30:00,9315.4
2020-07-23 11:30:00,9489.63
2020-07-24 07:30:00,9571.98
2020-07-25 03:30:00,9591.55
2020-07-25 23:30:00,9688.49
2020-07-26 19:30:00,9887.24
2020-07-27 15:30:00,10245.89
2020-07-28 11:30:00,10883.89
2020-07-29 07:30:00,10897.26
2020-07-30 03:30:00,11288.3
2020-07-30 23:30:00,11041.3
2020-07-31 19:30:00,11151.95
2020-08-01 15:30:00,11702.64
2020-08-02 11:30:00,11251.76
2020-08-03 07:30:00,11117.97
2020-08-04 03:30:00,11190.74
2020-08-04 23:30:00,11248.72
2020-08-05 19:30:00,11610.0
2020-08-06 15:30:00,11739.19
2020-08-07 11:30:00,11785.35
2020-08-08 07:30:00,11634.93
2020-08-09 03:30:00,11762.64
2020-08-09 23:30:00,11526.93
2020-08-10 19:30:00,11926.78
2020-08-11 15:30:00,11695.9
2020-08-12 11:30:00,11260.62
2020-08-13 07:30:00,11606.18
2020-08-14 03:30:00,11685.64
2020-08-14 23:30:00,11787.65
2020-08-15 19:30:00,11793.02
2020-08-16 15:30:00,11875.41
2020-08-17 11:30:00,11800.0
2020-08-18 07:30:00,12327.33
2020-08-19 03:30:00,12060.81
2020-08-19 23:30:00,11779.34
2020-08-20 19:30:00,11816.38
2020-08-21 15:30:00,11776.48
2020-08-22 11:30:00,11471.31
2020-08-23 07:30:00,11644.59
2020-08-24 03:30:00,11670.12
2020-08-24 23:30:00,11747.27
2020-08-25 19:30:00,11445.87
2020-08-26 15:30:00,11366.41
2020-08-27 11:30:00,11350.44
2020-08-28 07:30:00,11377.74
2020-08-29 03:30:00,11488.81
2020-08-29 23:30:00,11510.12
2020-08-30 19:30:00,11627.64
2020-08-31 15:30:00,11596.57
2020-09-01 11:30:00,11794.55
2020-09-02 07:30:00,11887.82
2020-09-03 03:30:00,11372.62
2020-09-03 23:30:00,10694.16
2020-09-04 19:30:00,10372.85
2020-09-05 15:30:00,10286.84
2020-09-06 11:30:00,10117.58
2020-09-07 07:30:00,10284.52
2020-09-08 03:30:00,10157.21
2020-09-08 23:30:00,10159.06
2020-09-09 19:30:00,10213.62
2020-09-10 15:30:00,10276.88
2020-09-11 11:30:00,10284.53
2020-09-12 07:30:00,10370.7
2020-09-13 03:30:00,10449.99
2020-09-13 23:30:00,10276.69
2020-09-14 19:30:00,10643.64
2020-09-15 15:30:00,10693.94
2020-09-16 11:30:00,10771.74
2020-09-17 07:30:00,10958.41
2020-09-18 03:30:00,10957.45
2020-09-18 23:30:00,10834.43
2020-09-19 19:30:00,11105.0
2020-09-20 15:30:00,10964.47
2020-09-21 11:30:00,10959.75
2020-09-22 07:30:00,10437.56
2020-09-23 03:30:00,10547.17
2020-09-23 23:30:00,10455.89
2020-09-24 19:30:00,10377.22
2020-09-25 15:30:00,10593.82
2020-09-26 11:30:00,10727.14
2020-09-27 07:30:00,10772.38
2020-09-28 03:30:00,10716.84
2020-09-28 23:30:00,10889.24
2020-09-29 19:30:00,10757.5
2020-09-30 15:30:00,10698.95
2020-10-01 11:30:00,10821.07
2020-10-02 07:30:00,10591.05
2020-10-03 03:30:00,10469.68
2020-10-03 23:30:00,10581.71
2020-10-04 19:30:00,10610.65
2020-10-05 15:30:00,10679.58
2020-10-06 11:30:00,10745.39
2020-10-07 07:30:00,10583.07
2020-10-08 03:30:00,10659.87
2020-10-08 23:30:00,10880.17
2020-10-09 19:30:00,11075.35
2020-10-10 15:30:00,11317.07
2020-10-11 11:30:00,11337.95
2020-10-12 07:30:00,11394.63
2020-10-13 03:30:00,11684.16
2020-10-13 23:30:00,11354.3
2020-10-14 19:30:00,11530.98
2020-10-15 15:30:00,11313.39
2020-10-16 11:30:00,11343.85
2020-10-17 07:30:00,11327.51
2020-10-18 03:30:00,11341.87
2020-10-18 23:30:00,11464.74
2020-10-19 19:30:00,11640.8
2020-10-20 15:30:00,11785.2
2020-10-21 11:30:00,12229.07
2020-10-22 07:30:00,12847.91
2020-10-23 03:30:00,13132.54
2020-10-23 23:30:00,12785.92
2020-10-24 19:30:00,12989.3
2020-10-25 15:30:00,12993.01
2020-10-26 11:30:00,13103.43
2020-10-27 07:30:00,13094.12
2020-10-28 03:30:00,13692.58
2020-10-28 23:30:00,13182.89
2020-10-29 19:30:00,13232.0
2020-10-30 15:30:00,13277.04
2020-10-31 11:30:00,13473.26
2020-11-01 07:30:00,13759.91
2020-11-02 03:30:00,13811.93
2020-11-02 23:30:00,13512.51
2020-11-03 19:30:00,13699.71
2020-11-04 15:30:00,13653.77
2020-11-05 11:30:00,14316.71
2020-11-06 07:30:00,15757.26
2020-11-07 03:30:00,15533.23
2020-11-07 23:30:00,15223.79
2020-11-08 19:30:00,15204.8
2020-11-09 15:30:00,15404.26
2020-11-10 11:30:00,15357.92
2020-11-11 07:30:00,15433.4
2020-11-12 03:30:00,15813.64
2020-11-12 23:30:00,15943.0
2020-11-13 19:30:00,16230.58
2020-11-14 15:30:00,15794.85
2020-11-15 11:30:00,16019.97
2020-11-16 07:30:00,15947.99
2020-11-17 03:30:00,16695.41
2020-11-17 23:30:00,17808.67
2020-11-18 19:30:00,17882.9
2020-11-19 15:30:00,17426.52
2020-11-20 11:30:00,18129.99
2020-11-21 07:30:00,18830.45
2020-11-22 03:30:00,18654.27
2020-11-22 23:30:00,18480.0
2020-11-23 19:30:00,18594.27
2020-11-24 15:30:00,18983.16
2020-11-25 11:30:00,18879.5
2020-11-26 07:30:00,18799.32
2020-11-27 03:30:00,17031.17
2020-11-27 23:30:00,16727.89
2020-11-28 19:30:00,17356.03
2020-11-29 15:30:00,18104.35
2020-11-30 12:30:00,18520.27
2020-12-01 08:30:00,19680.96
2020-12-02 04:30:00,18895.01
2020-12-03 00:30:00,19011.97
2020-12-03 20:30:00,19351.32
2020-12-04 16:30:00,18978.35
2020-12-05 12:30:00,18963.03
2020-12-06 08:30:00,19233.44
2020-12-07 04:30:00,19125.55
2020-12-08 00:30:00,18938.51
2020-12-08 20:30:00,18865.0
2020-12-09 16:30:00,18234.66
2020-12-10 12:30:00,18298.23
2020-12-11 08:30:00,17804.97
2020-12-12 04:30:00,18127.81
2020-12-13 00:30:00,18687.63
2020-12-13 20:30:00,19292.13
2020-12-14 16:30:00,19088.94
2020-12-15 12:30:00,19186.12
2020-12-16 08:30:00,19442.08
2020-12-17 04:30:00,21366.02
2020-12-18 00:30:00,23251.16
2020-12-18 20:30:00,22610.65
2020-12-19 16:30:00,23020.0
2020-12-20 12:30:00,23506.67
2020-12-21 08:30:00,23856.39
2020-12-22 08:30:00,22957.58
2020-12-23 04:30:00,23721.95
2020-12-24 00:30:00,23605.08
2020-12-24 20:30:00,23215.21
2020-12-25 17:30:00,24574.4
2020-12-26 13:30:00,24784.48
2020-12-27 09:30:00,26568.24
2020-12-28 05:30:00,26281.54
2020-12-29 01:30:00,26996.73
2020-12-29 21:30:00,26615.28
2020-12-30 17:30:00,27836.95
2020-12-31 13:30:00,29155.24
2021-01-01 09:30:00,29278.41
2021-01-02 05:30:00,29331.7
2021-01-03 01:30:00,33027.2
2021-01-03 21:30:00,33505.15
2021-01-04 17:30:00,30742.99
2021-01-05 13:30:00,30817.78
2021-01-06 09:30:00,34116.76
2021-01-07 05:30:00,36769.36
2021-01-08 01:30:00,39061.99
2021-01-08 21:30:00,40829.07
2021-01-09 17:30:00,40565.77
2021-01-10 13:30:00,40978.57
2021-01-11 09:30:00,35438.23
2021-01-12 05:30:00,35410.37
2021-01-13 01:30:00,34686.1
2021-01-13 21:30:00,34673.9
2021-01-14 17:30:00,38365.86
2021-01-15 13:30:00,38473.07
2021-01-16 09:30:00,36532.92
2021-01-17 05:30:00,35994.98
2021-01-18 01:30:00,35633.9
2021-01-18 21:30:00,36405.99
2021-01-19 17:30:00,37263.73
2021-01-20 13:30:00,35672.86
2021-01-21 09:30:00,34572.42
2021-01-22 05:30:00,30851.99
2021-01-23 01:30:00,33589.52
2021-01-23 21:30:00,31877.1
2021-01-24 17:30:00,32833.37
2021-01-25 13:30:00,33347.19
2021-01-26 09:30:00,31520.25
2021-01-27 05:30:00,32464.01
2021-01-28 01:30:00,30731.57
2021-01-28 21:30:00,31926.49
2021-01-29 17:30:00,37023.83
2021-01-30 13:30:00,34046.82
2021-01-31 09:30:00,33930.22
2021-02-01 05:30:00,33092.97
2021-02-02 01:30:00,33838.13
2021-02-02 21:30:00,34708.47
2021-02-03 17:30:00,35969.41
2021-02-04 13:30:00,37843.4
2021-02-05 09:30:00,37366.01
2021-02-06 05:30:00,38289.32
2021-02-07 01:30:00,40179.42
2021-02-07 21:30:00,37921.12
2021-02-08 17:30:00,39423.08
2021-02-09 13:30:00,47505.39
2021-02-10 09:30:00,46225.71
2021-02-11 05:30:00,44807.58
2021-02-12 02:30:00,47027.49
2021-02-12 22:30:00,47612.52
2021-02-13 18:30:00,46879.81
2021-02-14 14:30:00,48710.17
2021-02-15 10:30:00,46866.56
2021-02-16 06:30:00,47669.03
2021-02-17 02:30:00,48769.28
2021-02-17 22:30:00,51241.35
2021-02-18 18:30:00,51464.67
2021-02-19 14:30:00,52236.31
2021-02-20 10:30:00,55815.19
2021-02-21 06:30:00,55834.95
2021-02-22 02:30:00,57657.1
2021-02-22 22:30:00,53177.82
2021-02-23 18:30:00,48670.54
2021-02-24 14:30:00,50634.32
2021-02-25 10:30:00,49626.9
2021-02-26 06:30:00,46807.84
2021-02-27 02:30:00,46270.0
2021-02-27 22:30:00,46883.19
2021-02-28 18:30:00,44756.99
2021-03-01 14:30:00,47009.38
2021-03-02 10:30:00,49159.16
2021-03-03 06:30:00,48514.8
2021-03-04 02:30:00,50523.93
2021-03-04 22:30:00,49694.6
2021-03-05 18:30:00,47650.0
2021-03-06 15:30:00,48335.22
2021-03-07 11:30:00,49342.0
2021-03-08 07:30:00,51557.7
2021-03-09 03:30:00,51848.34
2021-03-09 23:30:00,53793.75
2021-03-10 19:30:00,56260.09
2021-03-11 15:30:00,54474.27
2021-03-12 11:30:00,57168.24
2021-03-13 07:30:00,56386.39
2021-03-14 03:30:00,61156.4
2021-03-14 23:30:00,59701.1
2021-03-15 19:30:00,56855.58
2021-03-16 15:30:00,55870.43
2021-03-17 11:30:00,55951.37
2021-03-18 07:30:00,59043.13
2021-03-19 03:30:00,57900.06
2021-03-19 23:30:00,58865.57
2021-03-20 19:30:00,59027.95
2021-03-21 15:30:00,55960.52
2021-03-22 11:30:00,57597.39
2021-03-23 07:30:00,55120.83
2021-03-24 03:30:00,54646.58
2021-03-24 23:30:00,56125.9
2021-03-25 19:30:00,51649.9
2021-03-26 15:30:00,53331.62
2021-03-27 11:30:00,55177.89
2021-03-28 07:30:00,56068.69
2021-03-29 03:30:00,55140.01
2021-03-29 23:30:00,57924.69
2021-03-30 19:30:00,58890.01
2021-03-31 15:30:00,57959.05
2021-04-01 11:30:00,58764.79
2021-04-02 07:30:00,58891.25
2021-04-03 03:30:00,58739.12
2021-04-03 23:30:00,58208.33
2021-04-04 19:30:00,58128.15
2021-04-05 15:30:00,57539.14
2021-04-06 11:30:00,58867.31
2021-04-07 07:30:00,57510.84
2021-04-08 03:30:00,56205.73
2021-04-08 23:30:00,57749.09
2021-04-09 19:30:00,58390.16
2021-04-10 15:30:00,60772.73
2021-04-11 11:30:00,59679.96
2021-04-12 07:30:00,59865.36
2021-04-13 03:30:00,59992.53
2021-04-13 23:30:00,63328.84
2021-04-14 19:30:00,63777.69
2021-04-15 15:30:00,62615.41
2021-04-16 11:30:00,61804.04
2021-04-17 07:30:00,61887.25
2021-04-18 03:30:00,60713.98
2021-04-18 23:30:00,55151.12
2021-04-19 19:30:00,56630.9
2021-04-20 17:30:00,56266.83
2021-04-21 13:30:00,55304.04
2021-04-22 09:30:00,53494.63
2021-04-23 05:30:00,51690.95
2021-04-24 01:30:00,50876.71
2021-04-24 21:30:00,50210.01
2021-04-25 20:30:00,50335.67
2021-04-26 16:30:00,53217.03
2021-04-27 12:30:00,54700.35
2021-04-28 08:30:00,55190.0
2021-04-29 04:30:00,54469.96
2021-04-30 00:30:00,52935.72
2021-04-30 20:30:00,55952.19
2021-05-01 16:30:00,57384.0
2021-05-02 12:30:00,56881.33
2021-05-03 08:30:00,58060.48
2021-05-04 04:30:00,57292.88
2021-05-05 00:30:00,54522.62
2021-05-05 20:30:00,56982.92
2021-05-06 16:30:00,57982.1
2021-05-07 12:30:00,56109.01
2021-05-08 08:30:00,58253.2
2021-05-09 04:30:00,58567.12
2021-05-10 00:30:00,57441.61
2021-05-10 20:30:00,56831.59
2021-05-11 16:30:00,55841.79
2021-05-12 12:30:00,57011.67
2021-05-13 08:30:00,50257.78
2021-05-14 04:30:00,48857.76
2021-05-15 00:30:00,50470.89
2021-05-15 20:30:00,49389.58
2021-05-16 16:30:00,49574.98
2021-05-17 12:30:00,44323.44
2021-05-18 08:30:00,45018.17
2021-05-19 04:30:00,42817.86
2021-05-20 00:30:00,37961.01
2021-05-20 20:30:00,41436.5
2021-05-21 16:30:00,40738.21
2021-05-22 12:30:00,36412.47
2021-05-23 08:30:00,37470.54
2021-05-24 04:30:00,33825.84
2021-05-25 00:30:00,37911.73
2021-05-25 20:30:00,37634.62
2021-05-26 16:30:00,39681.38
2021-05-27 12:30:00,38246.67
2021-05-28 08:30:00,38283.06
2021-05-29 04:30:00,35061.92
2021-05-30 00:30:00,34069.35
2021-05-30 20:30:00,35347.1
2021-05-31 16:30:00,36883.75
2021-06-01 12:30:00,36917.6
2021-06-02 08:30:00,36267.67
2021-06-03 04:30:00,37527.89
2021-06-04 00:30:00,38553.0
2021-06-04 20:30:00,36707.94
2021-06-05 16:30:00,36454.63
2021-06-06 12:30:00,35851.36
2021-06-07 08:30:00,36641.4
2021-06-08 04:30:00,34147.92
2021-06-09 00:30:00,32735.9
2021-06-09 20:30:00,34672.52
2021-06-10 16:30:00,37839.31
2021-06-11 12:30:00,36509.33
2021-06-12 08:30:00,35528.73
2021-06-13 04:30:00,35693.62
2021-06-14 00:30:00,37493.87
2021-06-14 20:30:00,40543.46
2021-06-15 16:30:00,39916.67
2021-06-16 12:30:00,40392.22
2021-06-17 08:30:00,38707.19
2021-06-18 04:30:00,37954.5
2021-06-19 00:30:00,35289.52
2021-06-19 20:30:00,36241.56
2021-06-20 16:30:00,34086.8
2021-06-21 12:30:00,32776.44
2021-06-22 08:30:00,32903.24
2021-06-23 04:30:00,32582.57
2021-06-24 00:30:00,33292.57
2021-06-24 20:30:00,34052.91
2021-06-25 16:30:00,33759.41
2021-06-26 12:30:00,31731.25
2021-06-27 08:30:00,33096.1
2021-06-28 04:30:00,34406.38
2021-06-29 00:30:00,34168.21
2021-06-29 20:30:00,36243.75
2021-06-30 16:30:00,34740.01
2021-07-01 12:30:00,33507.15
2021-07-02 08:30:00,33262.05
2021-07-03 04:30:00,33703.04
2021-07-04 00:30:00,34645.85
2021-07-04 20:30:00,35449.79
2021-07-05 16:30:00,34477.18
2021-07-06 12:30:00,34675.89
2021-07-07 08:30:00,34277.83
2021-07-08 04:30:00,34164.98
2021-07-09 00:30:00,32840.92
2021-07-09 20:30:00,33534.75
2021-07-10 16:30:00,33624.09
2021-07-11 12:30:00,33461.5
2021-07-12 08:30:00,34271.91
2021-07-13 04:30:00,33038.1
2021-07-14 00:30:00,32480.0
2021-07-14 20:30:00,32863.07
2021-07-15 16:30:00,31866.76
2021-07-16 12:30:00,31609.13
2021-07-17 08:30:00,31334.71
2021-07-18 04:30:00,31634.95
2021-07-19 00:30:00,31604.51
2021-07-19 20:30:00,30816.05
2021-07-20 16:30:00,29683.13
2021-07-21 12:30:00,30880.0
2021-07-22 08:30:00,31855.0
2021-07-23 04:30:00,32174.27
2021-07-24 00:30:00,32129.99
2021-07-24 20:30:00,33851.45
2021-07-25 16:30:00,34353.57
2021-07-26 12:30:00,38622.24
2021-07-27 08:30:00,36515.68
2021-07-28 04:30:00,39178.14
2021-07-29 00:30:00,40440.99
2021-07-29 20:30:00,39950.0
2021-07-30 16:30:00,38854.54
2021-07-31 12:30:00,41525.3
2021-08-01 08:30:00,41808.25
2021-08-02 04:30:00,40273.36
2021-08-03 00:30:00,39637.87
2021-08-03 20:30:00,38253.59
2021-08-04 16:30:00,38090.4
2021-08-05 12:30:00,39088.18
2021-08-06 08:30:00,40340.96
2021-08-07 04:30:00,42780.07
2021-08-08 00:30:00,43542.0
2021-08-08 20:30:00,43922.19
2021-08-09 16:30:00,45646.63
2021-08-10 12:30:00,45553.98
2021-08-11 08:30:00,45448.0
2021-08-12 04:30:00,45756.68
2021-08-13 00:30:00,44423.81
2021-08-14 00:30:00,46510.58
2021-08-14 20:30:00,46899.99
2021-08-15 16:30:00,45929.98
2021-08-16 12:30:00,47344.73
2021-08-17 08:30:00,46447.28
2021-08-18 04:30:00,44927.48
2021-08-19 00:30:00,45401.4
2021-08-19 20:30:00,45448.28
2021-08-20 16:30:00,47235.01
2021-08-21 12:30:00,48674.73
2021-08-22 08:30:00,48836.96
2021-08-23 04:30:00,49250.13
2021-08-24 00:30:00,49459.1
2021-08-24 20:30:00,48529.59
2021-08-25 16:30:00,47464.39
2021-08-26 12:30:00,46855.58
2021-08-27 08:30:00,47211.29
2021-08-28 04:30:00,48985.73
2021-08-29 00:30:00,48788.98
2021-08-29 20:30:00,48228.27
2021-08-30 16:30:00,48012.45
2021-08-31 12:30:00,47000.0
2021-09-01 08:30:00,46877.91
2021-09-02 04:30:00,48407.37
2021-09-03 00:30:00,49373.25
2021-09-03 20:30:00,50691.74
2021-09-04 16:30:00,49789.6
2021-09-05 12:30:00,49854.57
2021-09-06 08:30:00,51667.37
2021-09-07 04:30:00,52591.22
2021-09-08 00:30:00,46922.02
2021-09-08 20:30:00,45821.2
2021-09-09 16:30:00,46153.0
2021-09-10 12:30:00,46391.95
2021-09-11 08:30:00,45280.7
2021-09-12 04:30:00,45088.94
2021-09-13 00:30:00,45896.64
2021-09-13 20:30:00,43933.32
2021-09-14 16:30:00,46027.93
2021-09-15 12:30:00,46915.0
2021-09-16 08:30:00,47915.98
2021-09-17 04:30:00,47638.41
2021-09-18 00:30:00,47195.5
2021-09-18 20:30:00,48474.0
2021-09-19 16:30:00,48061.89
2021-09-20 12:30:00,45638.93
2021-09-21 08:30:00,42900.01
2021-09-22 04:30:00,40520.0
2021-09-23 00:30:00,43134.06
2021-09-23 20:30:00,44133.01
2021-09-24 16:30:00,42142.55
2021-09-25 12:30:00,42744.7
2021-09-26 08:30:00,42062.5
2021-09-27 04:30:00,42894.5
2021-09-28 00:30:00,43033.61
2021-09-28 20:30:00,41543.63
2021-09-29 18:30:00,42050.31
2021-09-30 14:30:00,43062.02
2021-10-01 10:30:00,43625.02
2021-10-02 06:30:00,47817.73
2021-10-03 02:30:00,47996.24
2021-10-03 22:30:00,48034.99
2021-10-04 18:30:00,47707.37
2021-10-05 14:30:00,49920.0
2021-10-06 10:30:00,51325.82
2021-10-07 06:30:00,54794.88
2021-10-08 02:30:00,54167.18
2021-10-08 22:30:00,54298.45
2021-10-09 18:30:00,54979.26
2021-10-10 14:30:00,55564.18
2021-10-11 10:30:00,56460.0
2021-10-12 06:30:00,56941.7
2021-10-13 02:30:00,55361.08
2021-10-13 22:30:00,56941.73
2021-10-14 18:30:00,57563.02
2021-10-15 14:30:00,58945.35
2021-10-16 10:30:00,61747.64
2021-10-17 06:30:00,60920.47
2021-10-18 02:30:00,59401.12
2021-10-18 22:30:00,61820.78
2021-10-19 18:30:00,62223.65
2021-10-20 14:30:00,64031.43
2021-10-21 10:30:00,65042.99
2021-10-22 06:30:00,62789.22
2021-10-23 02:30:00,60731.48
2021-10-23 22:30:00,61139.31
2021-10-24 18:30:00,60389.71
2021-10-25 14:30:00,62726.04
2021-10-26 10:30:00,62459.33
2021-10-27 06:30:00,60685.25
2021-10-28 02:30:00,58871.57
2021-10-28 22:30:00,61169.04
2021-10-29 18:30:00,60974.4
2021-10-30 14:30:00,61332.9
2021-10-31 10:30:00,61404.84
2021-11-01 06:30:00,61560.49
2021-11-02 02:30:00,60687.89
2021-11-02 22:30:00,63656.07
2021-11-03 18:30:00,62470.01
2021-11-04 14:30:00,61610.76
2021-11-05 10:30:00,62088.02
2021-11-06 06:30:00,61171.03
2021-11-07 02:30:00,61146.27
2021-11-07 22:30:00,62042.05
2021-11-08 18:30:00,65794.58
2021-11-09 14:30:00,68068.24
2021-11-10 10:30:00,66641.16
2021-11-11 06:30:00,64941.29
2021-11-12 02:30:00,64796.1
2021-11-12 22:30:00,63082.75
2021-11-13 18:30:00,63530.26
2021-11-14 14:30:00,64301.7
2021-11-15 10:30:00,65766.41
2021-11-16 06:30:00,62540.02
2021-11-17 02:30:00,59720.76
2021-11-17 22:30:00,60389.0
2021-11-18 18:30:00,59124.67
2021-11-19 14:30:00,57024.55
2021-11-20 10:30:00,58486.71
2021-11-21 06:30:00,59352.22
2021-11-22 02:30:00,59587.98
2021-11-22 22:30:00,57716.56
2021-11-23 18:30:00,56314.66
2021-11-24 14:30:00,56849.01
2021-11-25 10:30:00,57237.75
2021-11-26 06:30:00,58694.35
2021-11-27 02:30:00,54515.7
2021-11-27 22:30:00,54902.02
2021-11-28 18:30:00,54356.62
2021-11-29 14:30:00,57250.09
2021-11-30 10:30:00,57205.0
2021-12-01 06:30:00,57577.07
2021-12-02 02:30:00,56788.54
2021-12-02 22:30:00,56329.0
2021-12-03 18:30:00,56789.76
2021-12-04 14:30:00,47500.58
2021-12-05 10:30:00,48948.98
2021-12-06 06:30:00,48743.61
2021-12-07 02:30:00,48834.34
2021-12-07 22:30:00,51353.22
2021-12-08 18:30:00,49240.0
2021-12-09 14:30:00,49511.54
2021-12-10 10:30:00,48170.66
2021-12-11 06:30:00,47746.28
2021-12-12 02:30:00,48564.06
2021-12-12 22:30:00,49871.31
2021-12-13 18:30:00,48588.51
2021-12-14 14:30:00,47462.0
2021-12-15 10:30:00,48244.13
2021-12-16 06:30:00,49052.45
2021-12-17 02:30:00,47929.53
2021-12-17 22:30:00,47077.29
2021-12-18 18:30:00,47035.51
2021-12-19 14:30:00,47473.03
2021-12-20 10:30:00,46967.48
2021-12-21 06:30:00,46793.22
2021-12-22 02:30:00,48608.94
2021-12-22 22:30:00,48998.0
2021-12-23 18:30:00,48616.94
2021-12-24 14:30:00,51069.18
2021-12-25 10:30:00,50886.42
2021-12-26 06:30:00,50378.41
2021-12-27 02:30:00,50269.44
2021-12-27 22:30:00,51468.0
2021-12-28 18:30:00,49100.37
2021-12-29 14:30:00,47722.19
2021-12-30 10:30:00,46722.25
2021-12-31 06:30:00,47073.99
2022-01-01 02:30:00,45886.66
2022-01-01 22:30:00,47268.61
2022-01-02 18:30:00,47289.67
2022-01-03 14:30:00,46978.81
2022-01-04 10:30:00,46100.14
2022-01-05 06:30:00,46271.56
2022-01-06 02:30:00,43967.01
2022-01-06 22:30:00,42882.23
2022-01-07 18:30:00,42400.0
2022-01-08 14:30:00,41964.87
2022-01-09 10:30:00,42079.4
2022-01-10 06:30:00,41655.18
2022-01-11 02:30:00,41716.81
2022-01-11 22:30:00,42705.24
