-3.724576022340813974e+00,-2.152990868099403876e+00
-3.686938466392586822e+00,-3.741585432961616053e+00
-2.681427602112551156e+00,-4.975844454700421693e+00
-2.008344799027345307e+00,-4.668741519127890705e+00
8.609495720036257627e-01,-4.043383108656313674e+00
-4.202278188957354610e-01,-3.645196661538843141e+00
-2.489329935588574294e+00,-3.516034121187141537e+00
6.154131670179134872e-01,-4.370389664314085820e+00
-4.245092638540755914e+00,-3.771028187860598901e+00
-1.924196038000541620e+00,-4.380619853443235456e+00
-2.424254702795263228e+00,-5.198998442380037943e+00
-1.434033815797366884e+00,-4.168621120459551577e+00
-6.172869926178906619e-01,-3.996471607877621679e+00
-2.077498382598494953e+00,-3.792201061273413831e+00
3.851224334698220564e-01,-3.763376478150742166e+00
3.063473597374204993e-01,-3.258099878958972795e+00
-2.929455862363121277e+00,-4.560030000633849667e+00
-4.446932488314951470e+00,-4.453207874433383395e+00
-2.287883292422610904e+00,-4.992682533655742994e+00
-7.783982551067931688e-01,-3.789393978346091263e+00
-3.114660405535940146e+00,-3.905138526778823671e+00
-2.465620867177211295e+00,-5.365523886604815829e+00
-5.251737946297970083e+00,-3.251525222351740574e+00
1.049220627848871379e-01,-3.112276921332348678e+00
4.256644053144625905e-01,-4.123035566843138433e+00
-1.171064335448585458e+00,-4.031827015227312572e+00
4.178771124834588790e-01,-3.336786508748832425e+00
-4.602553608345576919e+00,-3.204709186956237410e+00
-2.684018317496386530e+00,-2.999382764028220016e+00
-9.457924236693430187e-01,-3.417167292931845957e+00
-1.567187939635010796e+00,-3.468568263730464007e+00
-2.871875792987847564e+00,-3.384135177445492193e+00
-2.563672679026764989e+00,-2.933237853293738429e+00
-3.427037762511853103e+00,-4.191210659429739138e+00
-1.423009340598287542e+00,-3.099844374292298532e+00
-1.787698802470655268e+00,-4.984427331297347052e+00
-2.743508481571108160e+00,-3.892657576935381947e+00
-4.744515682896597752e+00,-4.127873819467270167e+00
-1.061471656000023689e+00,-4.109955914419942680e+00
-1.602190789442080820e+00,-3.522937021135888358e+00
1.077849003518783322e+00,-2.626376863758639324e+00
-8.040567646963471260e-01,-3.862282773663199720e+00
-3.326286464786678554e+00,-4.423923278040267526e+00
-2.559695808522816307e+00,-5.063494033585485887e+00
-7.174621384528170331e-01,-3.813274482574670721e+00
-1.596440489060802603e+00,-2.895338378517636535e+00
-1.907141709891916781e+00,-4.911968964824048101e+00
-4.568344188270473616e+00,-4.553335243420575829e+00
-9.310164804938835248e-01,-3.515287967167512129e+00
-1.525960025758882121e+00,-3.264455772891493801e+00
1.570003262046241632e+00,-4.461117684873507017e+00
-9.424453513779509350e-01,-4.713290051907559786e+00
-2.555361383888238080e+00,-4.117237260406057864e+00
1.212211750063405535e+00,-4.354317483758971541e+00
-5.642856981572773378e+00,-3.233621153923219360e+00
-5.260142418406664744e-01,-5.020673572836598986e+00
-1.255110564503678416e+00,-4.660724635202853072e+00
-1.564050818206127680e+00,-3.471741110108400807e+00
-1.965402558902106245e+00,-4.047009316668233936e+00
-3.143367232442989767e+00,-3.846296246484082193e+00
-2.860124806327013047e+00,-3.717385694355063386e+00
2.524056933013390513e-01,-2.987420037795508687e+00
-5.178719578677971391e+00,-4.316869486525710897e+00
-3.846679076532263597e+00,-3.017489990310318504e+00
-3.346847324952265890e+00,-4.722045214124631407e+00
-3.831618294563803317e+00,-4.308699242661823803e+00
4.842794937957064505e-01,-3.712735381702309656e+00
-2.233997494263073869e-01,-3.317663079626097744e+00
7.985164420183391565e-01,-4.465119695276350775e+00
-6.723896577858203827e-01,-2.529868682580102668e+00
-7.410392765519908118e-04,-4.241033084933198083e+00
-3.497203361880987238e+00,-3.493178192807760762e+00
-2.435776444946423425e+00,-3.727185923223815589e+00
-3.130224421961901982e+00,-3.985315516585469453e+00
-3.937026739272739384e+00,-3.675215995068396690e+00
-4.340994410737312847e+00,-3.954305535678993788e+00
-4.475538830898560860e+00,-3.604363376893727100e+00
-8.142999379109497893e-01,-3.674208224257417665e+00
-2.891531730693438718e+00,-3.547480025575551643e+00
1.400593775391672402e+00,-2.890633209507052825e+00
-1.542437863939769283e-01,-3.507375792117443325e+00
-8.512796000490228110e-01,-5.390359958447306532e+00
-2.507954626091154715e+00,-4.226246828124789801e+00
-3.824330041692175275e+00,-3.141300073583550567e+00
3.037059126611774129e-01,-3.627288706307747468e+00
-2.400242782458482882e+00,-4.581635169365582350e+00
-1.095749813846823129e+00,-2.919216788110511107e+00
-1.544147744214668494e+00,-4.879523222178457686e+00
-1.821341561557674016e+00,-4.661460868160321347e+00
-4.569368262167259331e+00,-2.306031220106442792e+00
-1.873050378549742545e+00,-3.466932609747110927e+00
-2.864300188676380365e+00,-2.841288800345738164e+00
4.251577158353286867e-01,-5.010308559827413077e+00
-3.503675041888886899e+00,-3.396562079909573040e+00
-1.809207960315340369e+00,-5.825661901614140881e+00
-4.045446465778980816e+00,-3.945928469088028745e+00
-1.461122395578956290e+00,-3.803396849327359774e+00
2.047325830068961738e-01,-4.187000080708894956e+00
-6.987451669091419015e-01,-3.528978321940500429e+00
-4.423102999296100180e+00,-5.128652364253488471e+00
-2.262566198589198052e+00,-4.667066580566538114e+00
-1.134482296168726423e+00,-3.023533169856044811e+00
-4.905877225655622453e+00,-3.280470694004442578e+00
5.164038790699456705e-01,-4.844611774833437856e+00
-5.341969418929908286e-01,-3.293783958851595806e+00
6.541582168196334590e-02,-4.684691725883649127e+00
-5.263488781580343279e-01,-3.298899328460174640e+00
-7.598842808033791085e-01,-3.957993895645055105e+00
-1.617067960932678128e+00,-3.337679147092233567e+00
1.704376094874698044e-01,-4.138389905393202284e+00
-3.731125865527158858e+00,-4.187088067746444153e+00
-2.224009045985038124e+00,-3.221653603243799235e+00
-3.225059674862658987e+00,-1.757524016366992514e+00
-7.581108638757032558e-01,-3.339837193152326744e+00
-8.690681872558562171e-01,-4.735293385481416095e+00
-2.752214332120221041e+00,-3.317461651383465160e+00
-1.068663005768140328e+00,-3.332748666756215616e+00
-2.187881677718402695e+00,-3.913020532412204489e+00
-2.026614816604263680e+00,-4.337120455362793336e+00
-2.096379811158110562e-01,-3.388203686614438048e+00
-5.583402348497605416e+00,-2.941085403824249322e+00
-6.070494196929311137e+00,-3.431839589921691136e+00
-9.350247323228186858e-01,-4.364102489314398703e+00
-3.367198060840147722e+00,-2.638187100792784623e+00
-6.149694055664390646e+00,-4.430810440225817715e+00
-3.052263301556625397e+00,-3.805423106703391678e+00
-1.244552533683244810e+00,-4.805659422374574774e+00
-6.681282508343306947e-01,-3.935736004530653975e+00
-3.075428540027589849e-02,-2.294794999346530417e+00
-2.198009036095224022e+00,-2.954493356121596470e+00
-2.645628599643744305e+00,-5.800184393560458673e+00
-5.970503872339373297e-01,-4.244737256866902619e+00
-1.524006224625154449e+00,-4.112665832702962376e+00
-3.070167616787530473e+00,-3.814635512300856846e+00
-1.457118217088224421e+00,-4.058449451732990099e+00
-1.957593767280209951e+00,-3.891337474333803392e+00
-1.314502380740455667e+00,-3.594724986946279621e+00
-3.520504310382948088e+00,-2.346604873493855159e+00
-8.213429551329866074e-01,-3.498496714528491314e+00
9.100291022829504195e-01,-4.463186723992341953e+00
-4.912047757631455847e-01,-3.187802006080413530e+00
-5.305148788375135815e-02,-2.288441552340694685e+00
-1.635579802388216653e+00,-4.426674900280999303e+00
-2.413885693413050149e+00,-4.011015737348607502e+00
1.638609772062974868e+00,-3.872347438514288420e+00
5.292832203513617717e-01,-3.888602251407764054e+00
-3.160534445944308324e+00,-4.169198710315424883e+00
-2.300564624299704874e+00,-5.080939655775982722e+00
-1.374910626987690065e+00,-4.162989595351713312e+00
-1.628994548161710743e+00,-3.557593829885839831e+00
-2.093047636452626925e+00,-3.397363366652183636e+00
-1.325648490292151926e+00,-2.710392928677815672e+00
-4.945741330530775692e-01,-4.445244949886980379e+00
-5.682126623255911113e+00,-3.265744160588045286e+00
-1.707122699878219407e+00,-4.239025630411807910e+00
1.784003308359353612e+00,-5.689622889810573625e+00
-9.908130556377059417e-01,-3.046675075249822839e+00
-3.801703220308845665e+00,-4.978019159971207586e+00
-1.852678981352244292e-01,-3.888233386003755232e+00
-1.339008271445145448e+00,-3.387092927423917210e+00
-2.622748482119893421e+00,-4.225687329956374860e+00
-5.362285085854176181e+00,-4.117003162897741930e+00
-1.816574037939601594e+00,-2.672916677423152976e+00
-1.555800001090353213e+00,-4.115124729814923832e+00
-3.415163145675655709e+00,-3.913371494961754404e+00
3.197387433812540203e-01,-3.310134509524921498e+00
-3.176449659995003838e+00,-3.728886227136223752e+00
-5.389289859772803837e+00,-4.283072363775870528e+00
-3.489661276793961431e+00,-4.454268020877109713e+00
-3.233255626253353388e+00,-3.452587343565272082e+00
-3.438993271146818298e+00,-4.829306200062491783e+00
-1.823489162904828431e+00,-3.147560838760421476e+00
-2.170892332060105012e+00,-3.579132940823089193e+00
1.605156703122715633e+00,-4.224626070989868865e+00
-2.846967614920168366e+00,-3.147604237866014287e+00
-1.218303090165089975e+00,-2.492763285933874418e+00
-1.798711596522299949e+00,-3.741507798274831931e+00
-3.798608878445459691e-01,-4.887172880593820601e+00
-1.289960439194075992e+00,-3.318684782308098047e+00
-2.777760946932306574e+00,-3.991458649965194727e+00
2.774509001516394791e-01,-3.382025248058449396e+00
-1.425122174246621354e+00,-3.959857585398661950e+00
-2.741848184312842829e+00,-4.477163090026027525e+00
-2.566565830931026859e+00,-3.803078761448457801e+00
-1.393952754040019393e+00,-2.509039052942398484e+00
-1.695477804450550963e+00,-4.840382876973349013e+00
2.611930493096691119e+00,-4.428156885091271810e+00
-1.335749050876607003e+00,-4.616863349272891881e+00
-1.323250772602550862e+00,-3.801420943721425250e+00
-2.123466168379309682e+00,-3.406704554652400851e+00
-1.751285212313038242e+00,-3.857249324409032010e+00
-1.151125965410963126e+00,-4.166688107199988167e+00
-5.062093449386051436e-01,-3.860736640610768156e+00
1.540642731009027155e+00,-4.379983969636430885e+00
-3.013784048340524713e+00,-3.935296543008547587e+00
-2.530228256936227993e+00,-4.128707722404483249e+00
1.597046112506351312e+00,-2.902362592223764359e+00
-2.319920749688520800e+00,-4.869639517663078898e+00
-2.351575946276041051e+00,-5.510577349560739968e+00
-1.461942684387418145e+00,-3.405586633699452914e+00
-1.888645235897437269e+00,-3.623215115027965449e+00
-3.279271960375834460e+00,-3.589689358653104012e+00
-1.025193473305866743e+00,-4.307168310997286476e+00
-2.446733934215381989e+00,-4.410640761317251801e+00
-4.044159052163761814e+00,-3.936089803345034444e+00
-1.970078085372899412e+00,-4.156507189201569474e+00
-3.431522962383228292e-01,-3.581059105619032401e+00
-2.038229840683199345e+00,-5.025647995133470047e+00
-2.662126292921842108e+00,-5.165972626620652264e+00
-1.027698293169210381e-01,-3.604034349869780662e+00
-1.898094622611543159e+00,-4.012999532461466679e+00
-6.810873610690736379e-01,-3.738725565275292873e+00
3.982030468029890136e-01,-2.029525542036878516e+00
-7.195160795416258859e-01,-4.102576869872045506e+00
-1.196931373647617258e+00,-2.635834392054994701e+00
-2.196509407296994176e+00,-4.736181714957179878e+00
-2.504139098854602619e+00,-4.640015208036135874e+00
-1.498858633434101417e+00,-3.469727092205309393e+00
-3.568396900912533809e+00,-4.516266093435282514e+00
-2.459302627813405806e+00,-4.517166458074293622e+00
-2.728453809533547325e+00,-3.334934845548388704e+00
-5.248581446269460216e+00,-4.345669642960737988e+00
-1.417108644642351534e+00,-4.402844621745946263e+00
-1.357530107274610653e+00,-3.356756784298723595e+00
-4.808066722178485075e-01,-5.043508236744852269e+00
-3.293932615260308783e+00,-2.762442051175928004e+00
-1.618386675208229653e+00,-3.682403980728476078e+00
-3.557675154943724216e+00,-3.581477562162506345e+00
-2.429327466254679546e+00,-3.294538211726542265e+00
-2.133745242616031934e+00,-4.865493520139066774e+00
-3.062151706538660978e+00,-3.039858710462567615e+00
2.256706201526718747e+00,-3.756321310730705409e+00
-2.267727742291860693e+00,-3.693863756420585176e+00
-6.476771584122566594e+00,-3.101767361362874453e+00
-3.712494895214336399e+00,-2.962828508898026403e+00
-1.535707237950898252e+00,-3.908628882663595761e+00
-1.668627252505956726e-01,-4.222213270654108896e+00
-2.260332751597393663e+00,-2.974103519216894309e+00
-1.810997739427365749e+00,-4.617224819746962972e+00
-3.588604994460505626e+00,-4.158165386045671319e+00
-2.317230165751047455e+00,-2.172535662374070142e+00
8.248077410953030819e-01,-4.610116748045415491e+00
-1.841341066302699447e+00,-4.809209345247738021e+00
-2.752303325121796540e+00,-3.556734795376497171e+00
-7.845414394793475132e-01,-4.239685452890620709e+00
-1.299307311611089144e+00,-3.609266524031918166e+00
-1.469726251020951002e+00,-3.199623125647804045e+00
1.345155647787404485e+00,-4.951544547133207352e+00
9.975820855190190017e-02,-4.042947900237558123e+00
-6.172197277879632793e+00,-2.347401349699752338e+00
2.060164872326579744e+00,-3.728300249150764412e+00
-3.524654561150907917e+00,-2.291237816636286784e+00
-3.555545191239652958e+00,-4.784147722139717729e+00
-2.125212595896956103e+00,-4.005885701706950464e+00
7.584235172755821042e-01,-4.482816608684457194e+00
-1.552158490648976874e-01,-3.522361879292455367e+00
-1.758454021645852183e+00,-3.164835187034009678e+00
-1.542279940635211455e+00,-3.889319859339863683e+00
-3.487547599275789167e+00,-4.226309355873678619e+00
-1.661665808278646184e+00,-3.014597107914568586e+00
9.969960771784134312e-01,-3.086835927756568232e+00
-2.227590068100988585e+00,-4.159954699515545862e+00
-1.325984257782465203e+00,-4.306554948473600319e+00
-1.210005803995010343e+00,-4.255379650955934068e+00
-2.493192581022641630e+00,-4.507903133556635744e+00
-2.882350467955777429e+00,-4.144541744446841314e+00
-2.079026471987800662e+00,-4.783843196743476689e+00
-3.239673571547346143e+00,-4.457664932100029453e+00
-3.120601637330184364e+00,-3.005810949229444695e+00
3.895681669834560323e-01,-3.120326781728176346e+00
-7.271523617582326127e-01,-3.846586624022115153e+00
-3.469861277202381800e-01,-4.839478400258028223e+00
-3.058397979785608900e+00,-3.498145919821114891e+00
-2.342095168498257163e+00,-3.977492113821111008e+00
7.280614441878939802e-01,-3.515429221037703389e+00
-3.130553309121680172e+00,-2.904150974813087593e+00
-1.436971070400826278e+00,-4.419038381154126505e+00
-4.364362908342380720e-01,-4.264192179483970335e+00
1.815124466789172164e+00,-5.093966379810443534e+00
-2.026133827424788425e+00,-2.669109500174568606e+00
-3.636743518772590722e+00,-3.000039180059868471e+00
1.420763032987902408e+00,-3.624951341232911517e+00
-2.617316227546264251e+00,-3.678558348406462564e+00
-3.184614151079335542e+00,-4.801115751650265828e+00
-4.491998152808706735e+00,-4.502616670758975204e+00
-2.323978660515253480e+00,-3.923726236956755375e+00
-2.500972121519222657e+00,-3.348509247183023341e+00
-1.313582614276837424e+00,-3.389668061977857860e+00
-2.818575760175225930e+00,-3.218444162485477822e+00
-4.583516905206822756e+00,-3.524226684297157242e+00
-1.046789847700766884e+00,-3.099832579882144223e+00
-4.344540636720946480e+00,-3.620943929793925875e+00
-7.034390465837553341e-01,-3.939095763133160677e+00
-5.579116899251340911e+00,-5.711029450747346026e+00
-1.067787308895673748e+00,-4.017660745412821477e+00
-8.461336878897429692e-01,-2.528211882622187545e+00
-2.964890063114348884e+00,-3.690516409251637153e+00
9.822751248011457603e-01,-3.101822165723027602e+00
-4.135971500826205904e+00,-4.024945805165818236e+00
-1.630462141430648826e+00,-3.784358467594144404e+00
-4.015989605440672072e+00,-4.695623132249954423e+00
-1.282196884632276664e-02,-3.483765506725264860e+00
-3.012113735457557784e+00,-4.788386911184280947e+00
-1.895080806652192917e+00,-4.843847074473479175e+00
-3.697752602670073774e+00,-4.552100313610011995e+00
5.426058412729772851e-01,-3.728836417730284847e+00
-2.200890615475116441e+00,-4.727952095297929702e+00
-4.070032309274612459e+00,-3.954086002751759921e+00
1.572654750111962985e+00,-3.460388826914550187e+00
-1.268467343081352894e+00,-3.289030640998447552e+00
-1.606963239818177236e+00,-3.361430523929771930e+00
-4.489084121989103338e+00,-2.702837152394295561e+00
-1.220384870044572745e+00,-4.851147491679787649e+00
-1.467268102500416393e+00,-4.163165204286708665e+00
-1.796764914720859529e+00,-2.818741114103109346e+00
-4.779389428978364052e+00,-4.852702965017432035e+00
-5.766509726121685775e-01,-5.305883873159544351e+00
-8.315508189851211762e-01,-3.552145100179909587e+00
2.251073300330798332e+00,-3.567267991886992728e+00
2.398534358550620804e-01,-5.109178337268447834e+00
-2.979834023445728342e+00,-3.884533067912777859e+00
-4.818620792947965192e+00,-4.243562704452741308e+00
-2.056426841366734592e+00,-1.882060747922110089e+00
-3.245195214710607234e-01,-4.634014508305905444e+00
-3.121596640299737491e+00,-3.205525704854204960e+00
-1.655529507918582333e+00,-3.438896266512293742e+00
-2.639992713069353680e+00,-3.974359854246174883e+00
7.711035708096455332e-01,-4.567242270202890531e+00
-1.881741779237874335e+00,-3.795385568472102733e+00
-3.632445641947287918e+00,-4.025544631064284395e+00
-9.838507201878344821e-01,-3.259979110245993184e+00
2.346227736828309651e-01,-3.659923606359738901e+00
3.790047313670146245e-01,-3.497160975858609078e+00
-5.326790500863683997e-01,-4.245622553535813637e+00
-3.041707935823869113e-01,-3.817358449389033570e+00
6.781495705630880000e-01,-3.493331960790668766e+00
-2.380578030397446199e+00,-4.124963570251500400e+00
5.436839132048854051e-01,-4.386200970890338446e+00
-3.138720517159766743e+00,-4.768023736784840594e+00
-4.753721482563121548e+00,-3.713704064780726455e+00
-1.879169930243506759e+00,-2.873979410844379689e+00
2.980672226604345720e+00,-3.956577463935390337e+00
-6.148447167900369381e-01,-4.213171429420015102e+00
-1.451709616708298345e+00,-3.680775265268869223e+00
7.709141049457304273e-01,-4.664482813969250685e+00
-4.109614049660420321e+00,-3.995319116867437348e+00
-2.174933054797631549e+00,-2.918328837194795522e+00
-1.146874245231840783e+00,-4.341540943784536033e+00
-1.238849106438002723e+00,-3.116711739875309917e+00
-1.421087810967402776e+00,-2.678428843082579114e+00
-2.060885629275237552e+00,-3.868561452002237111e+00
-4.923377444213033804e+00,-2.985616486646578416e+00
-2.181434947784129275e+00,-4.118988925931833300e+00
-2.125479777878060528e+00,-3.413657080994478843e+00
-9.999170251431694911e-01,-4.345903953535404263e+00
-3.416771000165592209e+00,-4.613027518114958703e+00
-5.057181077509185663e+00,-3.267033055986515500e+00
-6.374740005641992280e-01,-4.476422479331338522e+00
-5.329435751926765441e+00,-3.748986275578580329e+00
-2.643150364138190156e+00,-4.730051146710109400e+00
-3.232290616412825557e+00,-4.526370998337931439e+00
-1.668470045992348716e+00,-3.833916364094478446e+00
-4.611315464741097436e+00,-4.117850199751128315e+00
-2.440253509132278786e+00,-4.540629244805765907e+00
-2.458471619580326895e+00,-4.239441927109602659e+00
-3.936967044242555946e+00,-4.261594275000508247e+00
-5.456958932598848788e-01,-3.264400207891366534e+00
-1.774801765362392203e+00,-3.400362461159869287e+00
-2.992879151771169699e+00,-3.296204483088934101e+00
-1.795215945916623701e+00,-4.283639864129578534e+00
-2.460546548684449331e+00,-4.199282059419158664e+00
-2.048628527334904526e+00,-2.856703829568974840e+00
-2.861556687930251641e+00,-3.977568467358895354e+00
-2.080856234899886470e+00,-2.436708194872574396e+00
-2.787786669703447018e+00,-4.013098853256914289e+00
-2.706202301007879285e+00,-3.695146269664333794e+00
-8.135831039509786589e-01,-2.693724602286991843e+00
-4.598239473547928391e+00,-3.488684151744441575e+00
-3.449171357964864626e+00,-3.551256478583684206e+00
-3.969526445941515824e+00,-5.145989647799880551e+00
-8.485576236009408913e-01,-3.979622759186934644e+00
-1.661548702098090580e+00,-3.989560131978194590e+00
-1.383951481969571962e+00,-3.994603615490961879e+00
-3.124476156051017028e+00,-3.658844062221759508e+00
6.007846795925984029e-01,-3.562158282670659926e+00
-2.576089602559493486e+00,-3.166351943026433968e+00
-1.177410059801555997e+00,-3.600583576901590810e+00
-6.274479727427489273e+00,-3.903164128415044232e+00
-1.892870547005604420e+00,-3.177906362354827596e+00
3.354010419151073563e+00,-4.020743323736085451e+00
-3.372784819352778296e+00,-3.576963379290885925e+00
-3.736670905066932669e+00,-3.724785538887370517e+00
-1.586600114065970457e+00,-3.893960862278401880e+00
-6.020224403979224093e-01,-4.620538321419708438e+00
-1.669600099455654574e+00,-5.313871184026695005e+00
5.021454549032494663e-01,-3.149995630931263779e+00
-2.222964414205988337e+00,-3.420177219085628995e+00
-2.939048377255568223e+00,-5.282746241114635311e+00
-2.966368979387640437e+00,-3.152439149751766312e+00
-2.532110318751949141e+00,-3.911907365327347286e+00
-3.497180295741138534e-01,-3.823477430069830874e+00
-1.169313430282409971e+00,-3.247981276106334025e+00
-1.373308427183727476e+00,-4.151778149489245173e+00
-4.035363474448740995e-01,-3.723701891525895480e+00
-1.308875708727964104e+00,-3.204970080035528301e+00
-3.186646088734911508e+00,-3.211941526996820340e+00
-1.591059566073316889e+00,-2.976645930529878026e+00
-1.554898503511342511e+00,-3.641183254941196878e+00
1.463811937625827675e-01,-3.036179932116671587e+00
-2.286588820572544645e+00,-3.840771918060118750e+00
-2.139487403957974099e+00,-4.890017269789910692e+00
-2.129347194006822708e+00,-5.706597774946904345e+00
-2.959774319502115780e+00,-5.483270123284254005e+00
-3.341932681295504692e-01,-3.620476466988044262e+00
-1.916629694634980119e+00,-2.733634852688321182e+00
-3.214814597291935971e+00,-4.462235984254149912e+00
-1.315696578962280316e+00,-4.920377389102611687e+00
-1.559879184459288304e+00,-2.581594087751760913e+00
-2.109369096614068240e-01,-4.132670091759737652e+00
-9.204603586511111990e-01,-3.004637430930967135e+00
-2.107588848318826980e+00,-3.851751331738169526e+00
-1.305845271452534595e+00,-4.496005215098343832e+00
-7.567020798126521397e-01,-4.943416132791785600e+00
5.976292316197123755e-02,-4.612994925191797435e+00
-8.916603755391240560e-02,-2.902602653527388998e+00
1.238273348453990952e+00,-3.811028938034987323e+00
-1.731681993299309941e+00,-3.906186772586112355e+00
-2.142809060951043065e+00,-3.633845675886751447e+00
-7.591694750179196483e-01,-3.849937662673351024e+00
-9.763218598014887784e-01,-4.084535425496074623e+00
1.577367884363605421e+00,-3.250961899334873451e+00
-3.686287800430346984e+00,-3.392108094088471137e+00
-3.582579662413130084e+00,-3.765646816009290632e+00
3.189553174674145453e+00,-3.912175974320819094e+00
-1.879411821620356582e+00,-3.734500805134767454e+00
8.909667866064575614e-01,-3.894621239554647563e+00
-2.560903909065849193e-01,-3.541766221996264452e+00
-2.281237790806716070e+00,-4.089787564933033082e+00
-5.373492672457986785e+00,-3.252544005449345299e+00
-1.862581991216528676e+00,-3.702771163171299840e+00
-2.070502856519478740e+00,-4.272197122631109956e+00
3.712434563170464719e-01,-3.828963413273668071e+00
-5.650731621011198413e+00,-3.410357749735779542e+00
1.774332914658313110e-01,-2.515532180224970382e+00
-2.262559679094823473e+00,-4.030022440401666017e+00
-3.028769162284919991e-01,-3.860016660457627147e+00
1.461152821262987400e+00,-5.295017009777724937e+00
-4.115315676738007689e+00,-3.327103336495641717e+00
-4.992297565404926751e-01,-5.573767500115848428e+00
-2.471928403042102484e+00,-3.266190792681966659e+00
-2.552260827503110008e+00,-3.556530276629951359e+00
-2.776887824931015381e+00,-3.364400246845605569e+00
-3.376063899236512622e+00,-5.454879282034136523e+00
-5.707631315947584660e+00,-4.656998223084317878e+00
1.571162655023428556e+00,-2.713129982965832188e+00
-1.337514081124759446e+00,-4.347877552465470252e+00
-5.693941861155590090e+00,-3.744728831965465243e+00
1.146245909119305795e+00,-3.741538742825789132e+00
-2.526573959315212003e-01,-3.488795128524321498e+00
-1.672268102585537708e+00,-4.134269161649813284e+00
-1.450530869411616575e+00,-2.622352912231584732e+00
-4.536681967767581813e-01,-3.793085964269776067e+00
-2.092922157290941332e+00,-3.436191221041755117e+00
-1.915337819527895391e+00,-3.258666867642917797e+00
4.146041809082375296e-01,-3.233689057260516364e+00
5.934258784239382356e-01,-4.576081989868742816e+00
3.533904710009454497e+00,-4.609830603656205561e+00
-1.862436375273272660e+00,-3.867322523051844207e+00
-1.270739969335546782e+00,-4.080962409966836901e+00
-1.691649367406112159e+00,-4.445299871809252679e+00
-1.512265474830664980e+00,-3.752564512254811024e+00
-1.769935305483984589e+00,-3.293401318142801681e+00
-4.509969191654910614e-01,-3.742157683377437927e+00
8.284410082843571832e-01,-4.192479865874672029e+00
-9.449031081658737508e-01,-3.667869711524617493e+00
6.223894378823670026e-01,-3.841196100483497133e+00
-2.444627133217444737e+00,-4.008359854646328380e+00
-2.529136029433030619e-01,-2.713559910418803511e+00
-1.287720926940827959e-01,-4.049645480311123258e+00
-8.799145806327857144e-01,-4.018907576968493878e+00
-2.578431296003072415e+00,-4.188878487303862030e+00
-1.700989457024209450e+00,-3.815688317802717222e+00
-3.038220446709450240e+00,-2.795136961494234740e+00
-5.193694856174648322e+00,-3.909401287247529666e+00
-1.130076552586464222e+00,-4.549930187597284181e+00
-2.144912080545193334e+00,-4.044043325058857441e+00
3.454362421351609980e-01,-4.508160005206005572e+00
1.171731629518495188e+00,-3.830909667447913947e+00
9.418143693463936206e-01,-3.974047779340478037e+00
-2.254089960553534056e+00,-3.971723374503275839e+00
-1.204080686839439140e+00,-4.528574498863459752e+00
-1.431453506329828596e+00,-3.487495430391780005e+00
-1.961465673824350997e+00,-3.570747997888507719e+00
-4.830736187419757854e+00,-4.551121187802364965e+00
-3.513015891051029183e+00,-5.026698005978477823e+00
-1.140819019340860302e-01,-4.571330887523165742e+00
-4.356799607917053230e+00,-4.851093794599515618e+00
-8.942157419608266489e-01,-3.800894144070505298e+00
1.002268132934859141e-01,-3.052176661606837538e+00
-3.065524903518094924e+00,-3.850423170868078504e+00
-4.014431035316352592e+00,-3.696310101442563667e+00
-3.292325774024916996e+00,-3.625761569845467491e+00
-3.069297256764430326e+00,-4.075957091333600957e+00
-3.992511702200658874e+00,-2.905249968962820173e+00
-1.382848942278544380e+00,-2.755675086179520061e+00
-1.635040273824857060e-01,-2.519830130702766624e+00
-3.673391876749882545e+00,-3.631743412621959433e+00
-2.038237139775165296e+00,-3.268449577818889118e+00
-4.295827819958615734e+00,-4.354580188009721020e+00
-4.140195433257380486e+00,-2.667408348944691365e+00
-4.971736039801129436e+00,-4.369197039891037804e+00
-1.044248055178754964e+00,-4.066607256523013803e+00
-2.112353296109552581e+00,-4.648909097096171728e+00
-7.532649889190576875e-01,-3.700680159957287163e+00
9.251862070504343061e-01,-5.056697619775944119e+00
-9.667396479983442203e-01,-3.105830523218758188e+00
-3.907300563847000974e-01,-2.536529277813385441e+00
-1.904387938672178260e+00,-4.334070277795619930e+00
1.463903655434160678e+00,-3.817223219949314572e+00
-1.843612403873862382e+00,-3.240760854116127909e+00
-1.581997266172425309e+00,-3.481836512562550112e+00
-3.082956867801741829e+00,-4.190643038199652892e+00
-2.729830436210261890e+00,-4.079609146446289358e+00
-5.171368153774438703e+00,-4.946609412897787550e+00
-1.841765089990301751e+00,-4.592041581815109019e+00
-3.203090028256661892e+00,-4.178098168847909299e+00
-3.526688228349254550e-01,-1.879542583931866018e+00
-3.131190608476155823e+00,-3.617223768680781326e+00
-1.257604385596027941e+00,-2.857729890039459875e+00
-2.558363373523664830e+00,-3.616986856010261597e+00
-1.940533359228006516e+00,-2.838748921036565953e+00
-3.156707832176460116e+00,-3.603566389261294134e+00
-1.235523594692456539e+00,-3.169642535942430062e+00
4.088888981850284932e-01,-3.358919811288091584e+00
-5.062488481959373843e+00,-2.172548168332669949e+00
-2.239095944216285883e+00,-4.711746919452540538e+00
-3.214511269729092291e+00,-2.458155333469722592e+00
-3.139925055508840490e+00,-3.734382759832351351e+00
-1.465766069943379213e+00,-3.554315824292899606e+00
-2.305436114985823792e-01,-2.988105174197614122e+00
-1.785405074140967274e+00,-4.062292752152552922e+00
-4.158149134651057288e+00,-4.061760796173507160e+00
1.574063009206329466e+00,-5.001086214016368103e+00
-5.228966549929716656e-01,-3.773921317541037546e+00
-1.909416873483536170e+00,-4.370420932474718079e+00
-6.545905444172023246e-01,-4.741559834855980426e+00
-3.513238058438164835e+00,-4.794028694742058505e+00
1.585947406338085452e-01,-4.179104540093537601e+00
-7.072674271675113422e-01,-4.967945190964646152e+00
-2.531326048233520698e+00,-4.349073426758185867e+00
1.941180921763404343e-01,-4.043586448966774327e+00
-6.704178802150504435e-01,-3.404177151595657591e+00
-3.119643888493473849e+00,-3.156680789480133864e+00
-2.853585141207655163e+00,-3.350918775034928299e+00
-1.756492125506724289e+00,-3.783902262441618092e+00
-2.053648604616800988e+00,-4.566444532541593659e+00
-6.189548792312106196e-01,-4.296827681615465799e+00
-4.241802480588911628e+00,-4.880148677720840489e+00
-2.721279966852908405e+00,-2.570241777803655925e+00
1.219438062386165589e+00,-3.878063521974175032e+00
-3.355979504360409482e+00,-3.854135671284652620e+00
-1.904847582414293194e+00,-3.611700071422781377e+00
-3.227740538842202689e+00,-3.874938969195089289e+00
-3.560976570491556803e+00,-4.138511863462512430e+00
-1.548917989728193723e+00,-3.836083646203619857e+00
-3.645718288734190793e+00,-3.866132841911531060e+00
-2.306436967907428137e+00,-3.923533380549531824e+00
-3.369145237258158510e+00,-4.849929948605897323e+00
-3.866136007725403001e+00,-3.908454134553822623e+00
-4.017746388468690810e+00,-5.433095927180830564e+00
-3.488878363142521088e+00,-3.239939530889495600e+00
-2.210399490153477142e+00,-4.400075329948531788e+00
-1.784203748491045349e+00,-4.477730492333116707e+00
-2.387051995303313134e+00,-2.212451753402565391e+00
-3.523945469169498246e-02,-4.044376309228680633e+00
-1.118165223681205633e+00,-3.307068758421052745e+00
-5.773165713704351276e+00,-4.292907566997201663e+00
-1.962381841697880824e-01,-3.629046973678203170e+00
-1.817084064767284346e+00,-2.676563695489706074e+00
-1.526741924107033466e+00,-2.263050992240318138e+00
-4.034971664062000585e+00,-3.143799241838690417e+00
-7.492194496687658578e-01,-3.366400226478714064e+00
-6.514567295908729072e+00,-4.393578271078082409e+00
5.441958572668385008e-01,-3.654008725256106427e+00
1.167455851173008874e+00,-4.540987453067412360e+00
-3.600954246465438935e+00,-4.666982688922640676e+00
-5.162606830921961709e+00,-3.283331849547249437e+00
-1.019880697085106425e+00,-4.624204857397484325e+00
-3.630680826069535794e+00,-3.563716651571591232e+00
-4.615508168615008344e+00,-4.890738756249178643e+00
-4.896303798322216849e+00,-4.395197012735121866e+00
-1.933264821881719886e+00,-3.833815610231691373e+00
-2.680992868265608120e+00,-3.755857538159949272e+00
7.098682290598974376e-01,-3.076925635647633772e+00
5.570679166356894141e-02,-4.832987348661719196e+00
-2.975435515844059520e+00,-3.766218654268029375e+00
-4.411468860149438398e-01,-5.422798829427444289e+00
-1.693338280393942741e+00,-5.878519608141528074e+00
-3.150043102355087332e-01,-3.512413159031535947e+00
3.831017750163928093e-01,-3.846529047864421624e+00
-1.667229371757245893e-01,-3.283070043370180269e+00
-5.787190279947297400e-01,-4.187564651744353661e+00
-1.110317391009513877e+00,-3.967478043443326108e+00
-5.077481742189354108e+00,-3.504569375647055285e+00
3.385444320305068255e-01,-2.481262865662887229e+00
-7.946223193601678059e-01,-4.556497907375247181e+00
-5.011880437621647033e+00,-3.027361586035911323e+00
-1.854313005067709019e+00,-4.756761721223105255e+00
-1.518301452648808780e+00,-2.370139444857124023e+00
-5.738370932791287959e-01,-4.521032734013549437e+00
-1.931017402965407470e+00,-3.297467464714580299e+00
-1.872720661285059540e+00,-3.361913638699550066e+00
-1.289218985426629382e+00,-4.323446503409770436e+00
-3.043893623617767386e+00,-3.386699708660356745e+00
-9.154789056338140663e-01,-3.921535899382823764e+00
-3.029007362985004281e+00,-2.671395210149868582e+00
-1.714726038744120995e+00,-2.894344492221029519e+00
-4.539005994306384295e+00,-3.127811874387477431e+00
-5.707865327228018870e+00,-5.062381608243753384e+00
-2.563278360727356819e+00,-2.917878062234799064e+00
-2.235211873414678418e+00,-4.875914736790841530e+00
-3.514132244168312269e+00,-4.667372592297818201e+00
-3.215684077437829469e+00,-3.559945108574668282e+00
-3.240535504983349302e+00,-5.238930228780437126e+00
-2.751577344366582523e+00,-2.484994459186334215e+00
-1.570643219742689833e+00,-4.603886343216402111e+00
-1.587932187089786451e+00,-3.947243640428645506e+00
-3.225085925061221381e+00,-3.481782363306934247e+00
-4.003097096803390542e+00,-3.949163292054436614e+00
-2.106310695224026031e+00,-5.214291014827017179e+00
-4.108536240620085600e+00,-4.429604445741126995e+00
-2.254449153918589577e+00,-3.636325968548665077e+00
-2.304531372461195993e+00,-4.437026374607521362e+00
-2.405735539986726401e+00,-2.875763060803393056e+00
-2.931971001838845403e+00,-4.508265607009528608e+00
-2.712627708883917910e-01,-5.423627281278680101e+00
-3.351417244667439288e+00,-3.430645210851839266e+00
8.721054853020225872e-01,-4.201216691468598441e+00
-4.015920248210589349e+00,-3.183280153832302339e+00
-2.661818951700290481e-01,-4.917920001366092642e+00
-1.014381561890788763e+00,-3.972371492100367885e+00
-2.680725412961769472e+00,-3.231821875689913970e+00
-1.680165549725558816e-01,-4.608989949813694587e+00
-5.063922242897091586e+00,-4.185424289317136726e+00
-2.355058353327358134e+00,-4.092507966593155189e+00
-4.923325544782741758e+00,-3.845985861400980088e+00
5.733485596795450112e-01,-4.071409247964319356e+00
4.001156984913011028e-02,-2.893529482722117407e+00
-1.147270207587322233e+00,-4.125337081389811367e+00
-8.700311284840348547e-01,-3.689442736416498558e+00
-1.847886067569300961e+00,-5.175581223898695349e+00
-2.257485203485035452e+00,-4.150296034251933719e+00
-2.696968648000582558e+00,-3.310014549866290068e+00
-3.592573966689756038e+00,-3.661462730616728667e+00
-1.283793206322872749e+00,-3.181664075112546008e+00
-3.664371970969472481e-02,-3.227405698468961415e+00
-5.445981324570329241e-01,-4.591894437327345813e+00
-9.696318786030918568e-01,-2.585967627329857077e+00
2.038142137720586611e+00,-4.167708057096867869e+00
-1.654040813103700547e+00,-4.384665258625068951e+00
-6.876788842042879102e-01,-4.584877255466832224e+00
-1.108758292985088545e+00,-2.792942089064748945e+00
8.251481226863245366e-01,-4.978093270593769937e+00
-1.408139926317393265e+00,-3.959809510291595558e+00
-1.329672139997724933e+00,-4.336431119622011998e+00
-3.517488454421035637e+00,-4.359683165980139385e+00
-2.432663127641025991e+00,-3.882284985977464409e+00
-2.175429436237787950e+00,-4.370954532508555701e+00
-3.587314211837877131e+00,-3.181332597575724286e+00
-3.911125183530355542e+00,-4.322916105433346701e+00
-1.392340293469291224e+00,-4.193672803752074962e+00
-1.184310448036378915e-01,-3.414822954058237325e+00
-8.232315952965306716e-01,-4.348629228582973738e+00
-2.280754956569820191e+00,-3.274006649795222490e+00
-3.108785760797194264e+00,-3.656837379441989722e+00
-2.674389336885733548e-01,-5.581369422181222006e+00
-3.484849922129933386e-01,-3.121461185177703435e+00
-2.565258805374844187e+00,-5.082058809210937333e+00
-2.727371722408617583e+00,-3.191247346623739212e+00
-9.732803960891289741e-02,-2.595333072633512650e+00
-3.849716091263051698e+00,-4.075935779295393857e+00
-1.295781043959347345e+00,-4.428609945605093579e+00
-1.467698658887354402e+00,-3.750951546194873920e+00
3.915307626622039350e-01,-3.333779610725230658e+00
-2.258705337873151642e+00,-4.850973165992424008e+00
-6.943721815350054061e-02,-2.645781732147133081e+00
-1.207880519124280516e+00,-3.993005502537799067e+00
-1.175532263410915768e+00,-4.137490058362421230e+00
-5.164768640480677853e+00,-3.036996109346064010e+00
-3.527124918715374147e+00,-5.092411000718164438e+00
-5.337298922750035146e+00,-4.632053351650788464e+00
-2.610899225661933443e+00,-3.815226408081421994e+00
-1.007937895218596058e-01,-3.267750002910047247e+00
-1.515822161304992477e+00,-4.043565795898682147e+00
-3.515776500611497379e+00,-3.041528353240720239e+00
-6.906112441475166230e-01,-4.711414126120880397e+00
-2.330846379807990143e+00,-3.301806709365966874e+00
-3.611085848449598068e-02,-3.766546527096638730e+00
-2.701382981037435016e+00,-4.025062017546613191e+00
-3.156113285364346321e+00,-4.047056257055394290e+00
-4.745097360110553275e+00,-4.116806274199555027e+00
-3.198942108478417534e+00,-3.660933276494497068e+00
-3.522840897638689073e-02,-5.433596895282970074e+00
-2.450549207133744467e+00,-3.916237572099640740e+00
-1.240773192440072448e+00,-3.300678792465753464e+00
-7.206903137733671194e-01,-3.017203475365975329e+00
7.308108587474162476e-01,-3.999870340804395852e+00
-1.840539088569199899e+00,-4.357430181143894465e+00
-3.660089609210532280e-01,-3.506921891732242003e+00
1.087512178818160535e+00,-3.418008627065106442e+00
-3.001966976014236899e+00,-2.705008772748576540e+00
7.475877808512603195e-01,-4.427122170885000152e+00
-2.144315687313856689e+00,-4.773699246610830116e+00
-7.709732901538205674e+00,-3.389484776707331282e+00
2.066775816906852858e-01,-3.002894040982940993e+00
-3.845023765611138789e+00,-2.845573530228749703e+00
-3.180383218948891422e+00,-3.311276620076720967e+00
-1.425805753981838730e+00,-3.800002696736561880e+00
-1.956606861887832116e-01,-3.442376337214669846e+00
-4.630973181412574746e+00,-3.044323033242014365e+00
7.635350467994955759e-01,-4.404011449679464896e+00
-6.216332562090081115e-01,-3.428600421572996382e+00
-3.079975596682693051e-01,-5.324094867671641751e+00
-8.695629847209007668e-01,-2.952914238597196928e+00
-4.980414529573659266e+00,-4.315914722501411838e+00
-2.127113008521150039e+00,-3.937692923079992635e+00
-1.689645066251602268e+00,-4.145031271005961138e+00
-1.174537732132834522e+00,-3.472119686849577391e+00
-2.361248862521636127e+00,-3.786657065558122426e+00
1.550857267909294124e-01,-3.018456852321694139e+00
1.170996312223293367e+00,-2.904475906951661912e+00
-6.318278358785319737e-01,-4.086533159949195415e+00
-1.711852562013504109e+00,-4.046700085126023083e+00
-2.871865755069312520e+00,-4.259750710307907973e+00
-8.509481574358511713e-01,-3.878285704572253856e+00
-2.206436826749305635e-02,-3.566962889177396345e+00
-2.952348569885819174e+00,-2.879379813781267838e+00
-7.595238037923659036e+00,-3.709175487343967514e+00
-1.688532160275017624e+00,-4.497466090676826234e+00
1.324329602768408831e+00,-4.079072189734179510e+00
-7.829323354257127221e-01,-3.317625891557844042e+00
-9.875999268070994042e-01,-2.918202297188938310e+00
-1.005381979521245306e+00,-4.570290940628185083e+00
-3.275636509712083200e+00,-2.883588344610451770e+00
-3.162700086254178089e+00,-4.674874727545867081e+00
-1.523282853515623980e+00,-2.734645895672391802e+00
-3.618611312906668154e+00,-4.018570793177404177e+00
-5.176901656152078424e+00,-3.194078147219299613e+00
-9.017523919614258698e-01,-2.584892609128215835e+00
-2.542689050548375018e+00,-3.595332043494408936e+00
-2.592985994515942583e+00,-4.001769027792236422e+00
-1.131764399602715798e+00,-4.043986555243734848e+00
-2.638872962052997373e+00,-2.822746601994790439e+00
-2.555770799685089578e+00,-3.276298444878481320e+00
-3.487046625329108362e+00,-4.288538333342195585e+00
-1.218669745500714940e+00,-3.953739654002385251e+00
-1.762206162212223148e+00,-4.380670381640181965e+00
4.075180630260224479e-01,-2.384888945981064712e+00
-4.495342080988666389e+00,-4.242339651844862836e+00
-1.484970081568858458e+00,-3.573690872031760168e+00
-3.708782272463769125e+00,-2.054530770748707713e+00
-9.748254522748559525e-01,-3.877496720715570167e+00
-2.922338000648057488e+00,-3.271286442516722293e+00
-2.074049732830479442e+00,-3.363317339732028621e+00
-5.134572967338129956e+00,-4.200692420247096770e+00
-4.895989359876804947e+00,-3.513610630632771237e+00
-1.139190274592782215e+00,-4.391200338102811074e+00
-3.281666669778116496e+00,-4.745950576864008674e+00
-3.109411828189525551e+00,-4.177002602626975758e+00
-2.676027485929151517e+00,-4.118100275985087322e+00
-3.721410270876934767e+00,-3.654347778929124768e+00
-4.178931847267105759e+00,-3.728062449983411408e+00
-1.540132076994199295e+00,-3.969309579696755019e+00
-2.824488930681035015e+00,-2.649378049286340797e+00
-2.590706987640825076e+00,-4.684797887337849964e+00
-3.999101072546739299e+00,-4.605702688113421317e+00
-3.753739059962700075e+00,-5.250761138918745630e+00
-3.093782999067961281e+00,-3.158009625439193613e+00
-6.704290913968551369e-01,-4.932292086134483000e+00
-5.420749592018652585e+00,-4.025036875237588241e+00
-9.184981275664091394e-01,-3.325586206102511877e+00
-1.014739769858232776e+00,-3.299319137036921479e+00
-7.494217281270932896e-01,-4.603358197191727896e+00
-2.066468956651918099e+00,-3.882523251080693072e+00
-2.981689263199121864e+00,-2.790084205354745883e+00
-2.323944164974892868e+00,-4.779200928025838735e+00
-5.928340098229745170e-01,-4.405997453720878809e+00
-3.037919857154473213e+00,-4.942174120248312263e+00
-1.986348711724023053e+00,-4.351419648068526769e+00
2.773779107184163539e+00,-4.419635910972242065e+00
-3.887694027693752385e+00,-4.010289764137394464e+00
-1.333306638310910230e+00,-4.742283494788076759e+00
-1.052366842476599063e+00,-4.802438188280487630e+00
-3.899382919829858629e+00,-5.023150225557377446e+00
-2.729226759595707374e+00,-3.704934869850336820e+00
-3.595129162769130637e+00,-4.506355009586957117e+00
-1.124319374123264215e+00,-3.027434617727160049e+00
-9.276881118024733475e-01,-1.908896042198961585e+00
-2.774339390105135639e+00,-4.138311241814464303e+00
-2.463181922596990425e+00,-3.512995048642062024e+00
-1.334914940110754289e+00,-4.061722063245508885e+00
4.597456079149999097e-01,-3.892311438324326023e+00
9.558504876165261344e-01,-4.227608966763038545e+00
-5.948094751898850951e+00,-3.474386610115805407e+00
-1.621951764806982776e+00,-3.515488685228221222e+00
-1.646858728833696661e+00,-3.628003119924897213e+00
-3.024764313874705124e+00,-3.720610821635079279e+00
-3.572575409077795250e+00,-4.054294165224069602e+00
-5.355574122166339990e-01,-4.620682405646848956e+00
-9.025269624963080384e-01,-5.228916326802782955e+00
-4.508476971234863129e+00,-4.387005573506601586e+00
-2.513996044121373341e+00,-3.452693744265611819e+00
4.073484794667784903e-01,-4.620217564951934364e+00
1.064900045276871543e+00,-4.056051870108107416e+00
-3.825517582779205394e+00,-4.444708935658169047e+00
-7.840017229354151462e-01,-2.886182675538158993e+00
-3.892464069315389352e+00,-3.029642187117368657e+00
-3.413404629357056130e+00,-4.185947404943906491e+00
-3.272503597450500568e+00,-4.643767948983844818e+00
-2.416253158714216642e+00,-3.103695009543180561e+00
-4.456745351368858188e+00,-4.924009554877814665e+00
4.739211486532573375e-02,-2.759757490730128993e+00
-1.092593424487987130e+00,-4.828843679063331784e+00
-3.843462527207089252e+00,-4.828815897530588153e+00
-4.948112411452403769e+00,-3.985210689794064898e+00
-1.988545887002933554e+00,-3.369004476642292190e+00
9.494060849003604918e-01,-4.274348734478730982e+00
-1.930662279315851659e+00,-4.246668350580836027e+00
-4.776506201507118909e+00,-3.019338332989927931e+00
-1.617112572487741318e+00,-3.421015627405779913e+00
-2.203385416144676423e+00,-4.004728787712670268e+00
-3.394576797643929833e+00,-5.767952234932902655e+00
-5.444808502796976590e+00,-4.189699215590533932e+00
-2.494042555899863789e+00,-2.882122986365399875e+00
-5.966143357931728453e+00,-4.011496997018730859e+00
-3.021282864904337728e+00,-3.603445202903488909e+00
1.143133519436955320e-01,-3.574110309660393003e+00
-1.682829799095543644e+00,-2.106724783045534455e+00
-1.248573303808216961e+00,-3.850436329530524393e+00
-3.123227499930662621e+00,-4.029729664705145709e+00
-2.191002614145113991e+00,-4.909699335175058188e+00
-1.630351619229756688e+00,-4.222573091201641482e+00
-2.365796592327494174e+00,-3.379398461014317068e+00
-9.058410055752229573e-01,-3.514202731926190371e+00
1.581536535512667152e+00,-2.899138914839931136e+00
1.263539224437695285e+00,-2.806349768739314854e+00
-1.603277889997159145e+00,-4.174340837360574596e+00
-3.581463005877260741e+00,-2.368063131318189019e+00
-6.092491225328459103e-01,-6.106382580699156293e+00
1.006458212850802392e+00,-4.790976173893971790e+00
-3.272713945055397033e+00,-3.622684534399513989e+00
-9.094747313616312612e-01,-4.899293360551944865e+00
-1.750855972589493215e+00,-4.863348572254073687e+00
-9.869127689000505299e-01,-4.079192886090014625e+00
-2.206899552600285919e+00,-4.087059170264209840e+00
-3.768831378559648337e-01,-4.030452830564084543e+00
-2.650517542541475091e+00,-3.382800270287777966e+00
-4.833180373605350688e+00,-3.099218507978723558e+00
6.811756855290328483e-01,-4.477169888398823794e+00
5.470643720721123371e-01,-3.997398935098439132e+00
-1.619044996029640027e+00,-2.283804486792029742e+00
-1.056492138683811310e+00,-3.896109400820689572e+00
-6.364503997218977638e-01,-3.978532101123648523e+00
-2.073366790775248880e+00,-4.806899643792184484e+00
-5.731722854536774880e-01,-4.308245534577089586e+00
-2.704219398357949000e+00,-3.331407863478216491e+00
-1.803758444483833046e+00,-3.521437630422351361e+00
-1.463033293806167867e+00,-3.492431342288031981e+00
-4.141437937548921866e+00,-3.789609209681198188e+00
-2.230196583077461270e+00,-2.272425378331835333e+00
-2.945654517026241148e+00,-2.999456537970608849e+00
-5.570873021746922227e+00,-4.751599235253781472e+00
-2.512324542264263716e+00,-4.278915141668588440e+00
-1.786514547357715754e+00,-3.327424165229357467e+00
-1.641295746568684377e+00,-3.021031844727455340e+00
-4.340809012163602709e+00,-3.972315266941810918e+00
-5.627335302513908344e-01,-3.915798676452387106e+00
-5.491732292501491308e+00,-3.738498260101089432e+00
-3.840982917450113554e+00,-4.207515523072824948e+00
4.173188899542503161e-01,-3.855766811776733416e+00
-3.710495470021304865e+00,-3.269898611197545879e+00
-3.012080748157939691e+00,-4.784071867262022160e+00
-3.728380052529881361e+00,-5.090338558258038049e+00
-1.292108840478332077e+00,-4.326798098074952748e+00
-2.410651158249019765e+00,-3.590585763893028304e+00
-1.607033845190720900e+00,-3.706957042438958183e+00
-6.398018072932561973e-01,-3.812578699488590406e+00
-3.501106669950549755e+00,-3.599441585371191632e+00
-1.102199183917208281e+00,-3.699642404499234427e+00
-3.265189169521158341e+00,-3.106858754710260406e+00
-3.513153396976657739e+00,-4.996525810847626481e+00
-4.420071299823178812e+00,-3.481925861312538117e+00
-2.361399127751853122e+00,-3.753922347605945120e+00
-3.283419183030756638e+00,-3.281800299115954722e+00
-2.982326816560418425e+00,-2.453344744572592440e+00
-1.292093456308284205e+00,-3.880534307363164626e+00
-6.548514613326465117e+00,-4.246241236069371539e+00
-8.060354555207526195e-01,-4.741891900333703447e+00
-6.164957969346991362e-01,-4.531863175552921064e+00
-8.680481211937116637e-01,-3.648938551535283015e+00
-3.448817322167942567e+00,-4.700540779520914647e+00
-1.108892787156964044e+00,-3.899360634249018798e+00
-6.444833248862661401e-01,-3.641398490151268597e+00
-3.738072123238906475e+00,-3.972296597515559302e+00
1.239313983204471725e+00,-4.230026709443889921e+00
4.578016077613411561e-01,-3.976139257969433238e+00
-1.255505686217865957e+00,-4.463450297560756397e+00
-4.038238305880591739e+00,-5.180443962826324800e+00
-3.227789172247742755e+00,-4.092105532530847078e+00
-4.149156217966512017e+00,-3.955414783446772109e+00
-3.535733830002271816e+00,-3.282788059576856377e+00
8.529149128169589700e-01,-3.896584332204246159e+00
-1.278178836034984833e+00,-2.907999702974955358e+00
-1.181156743931775166e+00,-3.734061596370316316e+00
-4.113255383254127429e-01,-3.873475389194392271e+00
-3.891227807021857998e+00,-3.228841027898521343e+00
-4.323398571076359609e+00,-3.917711891776891608e+00
2.571403727533598804e-01,-4.620969283479934298e+00
-2.495435469825443953e+00,-3.668604292688671720e+00
-8.502798184216926458e-01,-3.750467924050749691e+00
9.290866421566523758e-01,-3.488299494576909243e+00
1.622130448914835377e+00,-4.836361226093851329e+00
-4.853054330544539496e+00,-4.136082381677138819e+00
-3.615799965376136793e+00,-5.286941729249189592e+00
-4.237971857517436547e+00,-3.895666093715813627e+00
-4.230164878187476774e+00,-3.408931779752336855e+00
-4.211399530393811763e-01,-3.496531567581034672e+00
-7.764887635749468942e-01,-4.852740307883871118e+00
-4.004415638844220027e+00,-4.143676789349091116e+00
7.356520297207910231e-01,-4.135459412750744690e+00
4.564546962612362480e-01,-2.397371902969605006e+00
-4.204836117196186329e+00,-3.938657789179606628e+00
-2.071376561211772938e+00,-3.968013518314287058e+00
-5.954745018163570824e-01,-4.395282979321557093e+00
1.151666357583914557e+00,-4.075523688350071616e+00
-3.690986959852606830e+00,-3.216645518255540903e+00
-3.861561441017066887e+00,-4.224563373273012346e+00
-2.639890755750639251e+00,-3.983688912563596585e+00
-2.340471023536108586e+00,-3.836481781510147293e+00
-2.291933174215816216e+00,-3.621207101299392050e+00
-2.692594020687372858e+00,-4.837682720318186469e+00
-5.572212801169464935e-01,-4.491587853222538840e+00
2.128305436087386759e+00,-4.136662127205812389e+00
-5.921760332852478159e-01,-3.490248700831875883e+00
-6.912180451878903176e-01,-2.825870819157749292e+00
-3.195448337601901834e+00,-3.381435634755489694e+00
-3.635090523659441519e+00,-3.794703377127761179e+00
-3.925100145676904351e+00,-3.799448134659198395e+00
-2.182869948820690631e+00,-4.016542417490198247e+00
-5.245648677709207064e-01,-4.149093336855459668e+00
-4.659879903145242253e+00,-2.890050904985403069e+00
-1.764070819791166089e+00,-4.626297029216397405e+00
-8.636048606339798983e-01,-5.252559568011532676e+00
-2.296375052692186447e+00,-2.711166621081023020e+00
-1.920321728388120874e+00,-3.106800174189119801e+00
-2.274431439492141216e+00,-2.711989006067589969e+00
-1.446323389238082902e+00,-4.342832576307843695e+00
4.622744855768076144e-01,-4.264141919879507192e+00
-4.322121065006298557e-01,-3.672830480157286637e+00
-2.061322574884819847e+00,-2.820664398168621023e+00
-1.507834262702382855e+00,-2.740917515086223499e+00
2.495905712956315359e+00,-3.370909667944317345e+00
-4.704560132440767539e+00,-3.390229577155082996e+00
-1.049729760806218826e+00,-5.097621055981610638e+00
-1.530673531826539202e+00,-4.082353952685714660e+00
1.253699308508931853e+00,-3.440418950967935263e+00
-2.153191384303186240e+00,-5.414095692072970145e+00
-2.253672580555810434e+00,-4.912352919796878048e+00
8.875878818549644278e-02,-2.754918365370150113e+00
-1.523066166732672588e+00,-4.159169602359184204e+00
-3.686845580759567920e+00,-3.642106084276009792e+00
-2.922556298616080017e+00,-4.013328420051338163e+00
-4.371610201179569444e+00,-4.492371966731271371e+00
3.162492833457502539e-01,-2.988662812088076493e+00
-3.588550425400779176e+00,-4.094038651484687819e+00
-2.074502025543836226e+00,-4.568411384125561803e+00
-5.719397784882819913e+00,-4.654536730710360004e+00
-4.372636603674592948e+00,-3.690854104254619461e+00
-3.998572963534376523e+00,-4.511444166889534202e+00
-3.075947592488176507e+00,-3.099318133738132808e+00
-9.284430165894589360e-01,-3.352304109886007133e+00
-1.708905338737759294e+00,-4.278763546233411930e+00
-1.244393341202190362e+00,-2.741493497597151219e+00
1.043131680212232126e+00,-4.059266373497732339e+00
-1.096201684213833571e+00,-3.989503188894899743e+00
-1.691196290807811975e+00,-2.996586173327259850e+00
-2.530142895878097598e+00,-3.143348684298655105e+00
-5.805061862756663693e+00,-4.395086020359112666e+00
-2.235813065011543532e+00,-3.527834886811302972e+00
6.122161654276084830e-01,-4.120070346258240868e+00
-3.090710501535975485e+00,-4.549323217449707357e+00
-9.694516472924534500e-02,-3.119041154731927890e+00
-1.242802731182539144e+00,-4.117526059707893538e+00
-6.426030820261836585e-01,-3.971125939252460935e+00
-1.290098205581326152e+00,-3.738510780482569462e+00
-1.639909913211809789e+00,-2.159376044051529941e+00
-2.441971234601141294e+00,-2.689131890820888771e+00
-1.160843083556674538e+00,-3.785338489172178633e+00
-3.150233244490285855e+00,-4.166091575806016856e+00
-2.131709644724541164e+00,-3.614865923742192511e+00
